Plate ID,Age,lat,lon,rot,rot_rel_plate_ID
101,0,0,0,0,701
101,10,80.89,22.85,2.57,701
101,20,80.61,24.4,5.5,701
101,30,77.35,12.46,8.6,701
101,40,74.48,-1.08,12.56,701
101,50,75.92,-3.53,16.24,701
101,60,81.61,5.12,19.13,701
101,70,81.63,-6.51,22.37,701
101,80,78.24,-18.76,27.5,701
101,90,74.27,-22.7,33.92,701
101,100,69.42,-23.52,40.46,701
101,110,67.51,-22.12,47.52,701
101,120,66.01,-20.57,54.23,701
101,130,64.82,-17.42,59.16,701
101,140,65.11,-16.4,61.83,701
101,150,65.08,-16.12,64.94,701
101,160,65.84,-13.76,68.38,701
101,170,65.87,-12.79,72.35,701
101,180,64.76,-13.44,74.95,701
101,190,63.71,-14.01,77.58,701
101,200,63.2,-14.13,79.22,701
101,210,63.2,-14.13,79.22,701
101,220,63.2,-14.13,79.22,701
101,230,63.2,-14.13,79.22,701
101,240,63.2,-14.13,79.22,701
101,250,63.2,-14.13,79.22,701
101,260,63.2,-14.13,79.22,701
101,270,63.2,-14.13,79.22,701
101,280,63.2,-14.13,79.22,701
101,290,63.2,-14.13,79.22,701
101,300,63.2,-14.13,79.22,701
101,310,63.2,-14.13,79.22,701
101,320,63.2,-14.13,79.22,701
101,320,0,0,0,101
101,330,0,0,0,101
101,340,0,0,0,101
101,350,0,0,0,101
101,360,0,0,0,101
101,370,0,0,0,101
101,380,0,0,0,101
101,390,0,0,0,101
101,400,0,0,0,101
101,410,0,0,0,101
101,420,0,0,0,101
101,430,0,0,0,101
101,440,0,0,0,101
101,450,0,0,0,101
101,460,0,0,0,101
101,470,0,0,0,101
101,480,0,0,0,101
101,490,0,0,0,101
101,500,0,0,0,101
101,510,0,0,0,101
101,520,0,0,0,101
101,530,0,0,0,101
102,0,0,0,0,701
102,10,80.89,22.85,2.57,701
102,20,80.61,24.4,5.5,701
102,30,77.35,12.46,8.6,701
102,40,72.57,9.52,11.48,701
102,50,71.01,20.73,14.15,701
102,60,71.85,30.54,17.54,701
102,70,69.82,29,17.88,701
102,80,67.64,21,19.81,701
102,90,65.57,11.22,24.3,701
102,100,61.96,2.54,30.43,701
102,110,61.23,0.57,37.11,701
102,120,60.56,-0.04,43.51,701
102,130,59.75,1.59,48.54,701
102,140,60.47,2.23,51.18,701
102,150,60.92,1.95,54.27,701
102,160,62.07,4.11,57.67,701
102,170,62.55,4.51,61.62,701
102,180,61.67,3.02,64.33,701
102,190,60.83,1.72,67.05,701
102,200,60.45,1.23,68.75,701
102,210,60.45,1.23,68.75,701
102,220,60.45,1.23,68.75,701
102,230,60.45,1.23,68.75,701
102,240,60.45,1.23,68.75,701
102,250,60.45,1.23,68.75,701
102,260,60.45,1.23,68.75,701
102,270,60.45,1.23,68.75,701
102,280,60.45,1.23,68.75,701
102,290,60.45,1.23,68.75,701
102,300,60.45,1.23,68.75,701
102,310,60.45,1.23,68.75,701
102,320,60.45,1.23,68.75,701
102,320,67.5,-118.48,-14,101
102,330,67.5,-118.48,-14,101
102,340,67.5,-118.48,-14,101
102,350,67.5,-118.48,-14,101
102,360,67.5,-118.48,-14,101
102,370,67.5,-118.48,-14,101
102,380,67.5,-118.48,-14,101
102,390,67.5,-118.48,-14,101
102,400,67.5,-118.48,-14,101
102,410,67.5,-118.48,-14,101
102,420,67.5,-118.48,-14,101
102,430,67.5,-118.48,-14,101
102,440,67.5,-118.48,-14,101
102,450,67.5,-118.48,-14,101
102,460,67.5,-118.48,-14,101
102,470,67.5,-118.48,-14,101
102,480,67.5,-118.48,-14,101
102,490,67.5,-118.48,-14,101
102,500,67.5,-118.48,-14,101
102,510,67.5,-118.48,-14,101
102,520,67.5,-118.48,-14,101
102,530,67.5,-118.48,-14,101
103,0,0,0,0,701
103,10,80.89,22.85,2.57,701
103,20,80.61,24.4,5.5,701
103,30,77.35,12.46,8.6,701
103,40,74.48,-1.08,12.56,701
103,50,75.92,-3.53,16.24,701
103,60,81.61,5.12,19.13,701
103,70,81.63,-6.51,22.37,701
103,80,78.24,-18.76,27.5,701
103,90,74.27,-22.7,33.92,701
103,100,69.42,-23.52,40.46,701
103,110,67.51,-22.12,47.52,701
103,120,66.01,-20.57,54.23,701
103,130,64.35,-14.23,57.74,701
103,140,60.56,2.73,53.22,701
103,150,44.55,25.26,44.84,701
103,160,47.05,27.12,47.81,701
103,170,49.05,27.3,51.42,701
103,180,49.19,25.47,54.17,701
103,190,49.3,23.81,56.94,701
103,200,49.44,23.09,58.64,701
103,210,49.44,23.09,58.64,701
103,220,49.44,23.09,58.64,701
103,230,49.44,23.09,58.64,701
103,240,49.44,23.09,58.64,701
103,250,49.44,23.09,58.64,701
103,260,49.44,23.09,58.64,701
103,270,49.44,23.09,58.64,701
103,280,49.44,23.09,58.64,701
103,290,49.44,23.09,58.64,701
103,300,49.44,23.09,58.64,701
103,310,49.44,23.09,58.64,701
103,320,49.44,23.09,58.64,701
104,0,0,0,0,701
104,10,80.89,22.85,2.57,701
104,20,80.61,24.4,5.5,701
104,30,77.35,12.46,8.6,701
104,40,74.48,-1.08,12.56,701
104,50,75.92,-3.53,16.24,701
104,60,81.61,5.12,19.13,701
104,70,81.63,-6.51,22.37,701
104,80,78.24,-18.76,27.5,701
104,90,74.27,-22.7,33.92,701
104,100,69.42,-23.52,40.46,701
104,110,67.51,-22.12,47.52,701
104,120,66.01,-20.57,54.23,701
104,130,64.82,-17.42,59.16,701
104,140,65.11,-16.4,61.83,701
104,150,65.08,-16.12,64.94,701
104,160,66.08,-14.16,67.84,701
104,170,66.42,-13.72,71.06,701
104,180,65.26,-14.33,73.65,701
104,190,64.17,-14.85,76.27,701
104,200,63.63,-14.94,77.91,701
104,210,63.63,-14.94,77.91,701
104,220,63.63,-14.94,77.91,701
104,230,63.63,-14.94,77.91,701
104,240,63.63,-14.94,77.91,701
104,250,63.63,-14.94,77.91,701
104,260,63.63,-14.94,77.91,701
104,270,63.63,-14.94,77.91,701
104,280,63.63,-14.94,77.91,701
104,290,63.63,-14.94,77.91,701
104,300,63.63,-14.94,77.91,701
104,310,63.63,-14.94,77.91,701
104,320,63.63,-14.94,77.91,701
105,0,0,0,0,701
105,10,66.2,-46.67,7.89,701
105,20,71.36,-37.57,10.66,701
105,30,71.75,-28.28,13.73,701
105,40,70.49,-25.04,17.74,701
105,50,72.09,-23.75,21.41,701
105,60,77.19,-22.57,24.16,701
105,70,77.27,-25.86,27.43,701
105,80,74.77,-28.31,32.68,701
105,90,71.75,-28.45,39.19,701
105,100,67.71,-27.67,45.8,701
199,0,0,0,0,701
199,10,80.89,22.85,2.57,701
199,20,80.61,24.4,5.5,701
199,30,77.35,12.46,8.6,701
199,40,74.48,-1.08,12.56,701
199,50,75.92,-3.53,16.24,701
199,60,81.61,5.12,19.13,701
199,70,81.63,-6.51,22.37,701
199,80,78.24,-18.76,27.5,701
199,90,74.27,-22.7,33.92,701
199,100,69.42,-23.52,40.46,701
199,110,67.51,-22.12,47.52,701
199,120,66.01,-20.57,54.23,701
199,130,64.82,-17.42,59.16,701
199,140,65.11,-16.4,61.83,701
199,150,65.08,-16.12,64.94,701
199,160,65.84,-13.76,68.38,701
199,170,65.87,-12.79,72.35,701
199,180,64.76,-13.44,74.95,701
199,190,63.71,-14.01,77.58,701
199,200,63.2,-14.13,79.22,701
199,210,63.2,-14.13,79.22,701
199,220,63.2,-14.13,79.22,701
199,230,63.2,-14.13,79.22,701
199,240,63.2,-14.13,79.22,701
199,250,63.2,-14.13,79.22,701
199,260,63.2,-14.13,79.22,701
199,270,63.2,-14.13,79.22,701
199,280,63.2,-14.13,79.22,701
199,290,63.2,-14.13,79.22,701
199,300,63.2,-14.13,79.22,701
199,310,63.2,-14.13,79.22,701
199,320,63.2,-14.13,79.22,701
113,0,0,0,0,701
113,10,80.89,22.85,2.57,701
113,20,80.61,24.4,5.5,701
113,30,77.35,12.46,8.6,701
113,40,74.48,-1.08,12.56,701
113,50,75.92,-3.53,16.24,701
113,60,81.61,5.12,19.13,701
113,70,81.63,-6.51,22.37,701
113,80,78.24,-18.76,27.5,701
113,90,74.27,-22.7,33.92,701
113,100,69.42,-23.52,40.46,701
113,110,67.51,-22.12,47.52,701
113,120,66.01,-20.57,54.23,701
113,130,66.96,-20.5,62.48,701
113,140,69.35,-14.78,67.17,701
113,150,63.62,8.84,60.13,701
113,160,64.5,10.81,63.6,701
113,170,64.89,10.8,67.57,701
113,180,64.16,8.71,70.21,701
113,190,63.45,6.85,72.87,701
113,200,63.12,6.06,74.54,701
113,210,63.12,6.06,74.54,701
113,220,63.12,6.06,74.54,701
113,230,63.12,6.06,74.54,701
113,240,63.12,6.06,74.54,701
113,250,63.12,6.06,74.54,701
113,260,63.12,6.06,74.54,701
113,270,63.12,6.06,74.54,701
113,280,63.12,6.06,74.54,701
113,290,63.12,6.06,74.54,701
113,300,63.12,6.06,74.54,701
113,310,63.12,6.06,74.54,701
113,320,63.12,6.06,74.54,701
119,0,0,0,0,701
119,10,80.89,22.85,2.57,701
119,20,80.61,24.4,5.5,701
119,30,77.35,12.46,8.6,701
119,40,74.48,-1.08,12.56,701
119,50,75.92,-3.53,16.24,701
119,60,81.61,5.12,19.13,701
119,70,81.63,-6.51,22.37,701
119,80,78.24,-18.76,27.5,701
119,90,74.27,-22.7,33.92,701
119,100,69.42,-23.52,40.46,701
119,110,67.51,-22.12,47.52,701
119,120,65.36,-16.64,53.14,701
119,130,59.51,2.64,53.56,701
119,140,53.43,16.49,52.85,701
119,150,51.47,20.57,54.81,701
201,0,0,0,0,701
201,10,61.89,-40.34,3.3,701
201,20,58.54,-37.11,7.48,701
201,30,56.68,-34.55,11.94,701
201,40,57.07,-32.57,16.56,701
201,50,58.18,-31.17,20.48,701
201,60,62.49,-32.81,23.31,701
201,70,63.53,-33.44,26.08,701
201,80,62.69,-34.34,31.5,701
201,90,58.97,-34.53,37.47,701
201,100,55.49,-34.8,43.69,701
201,110,52.85,-34.97,50.02,701
201,120,51.65,-35,52.81,701
201,130,50.14,-32.85,54.85,701
201,140,50,-32.5,55.08,701
201,150,50,-32.5,55.08,701
201,160,50,-32.5,55.08,701
201,170,50,-32.5,55.08,701
201,180,50,-32.5,55.08,701
201,190,50,-32.5,55.08,701
201,200,50,-32.5,55.08,701
201,210,50,-32.5,55.08,701
201,220,50,-32.5,55.08,701
201,230,50,-32.5,55.08,701
201,240,50,-32.5,55.08,701
201,250,50,-32.5,55.08,701
201,260,50,-32.5,55.08,701
201,270,50,-32.5,55.08,701
201,280,50,-32.5,55.08,701
201,290,50,-32.5,55.08,701
201,300,50,-32.5,55.08,701
201,310,50,-32.5,55.08,701
201,320,50,-32.5,55.08,701
201,330,50,-32.5,55.08,701
201,340,50,-32.5,55.08,701
201,350,50,-32.5,55.08,701
201,360,50,-32.5,55.08,701
201,370,50,-32.5,55.08,701
201,380,50,-32.5,55.08,701
201,390,50,-32.5,55.08,701
201,400,50,-32.5,55.08,701
201,410,50,-32.5,55.08,701
201,420,50,-32.5,55.08,701
201,430,50,-32.5,55.08,701
201,440,50,-32.5,55.08,701
201,450,50,-32.5,55.08,701
201,460,50,-32.5,55.08,701
201,470,50,-32.5,55.08,701
201,480,50,-32.5,55.08,701
201,490,50,-32.5,55.08,701
201,500,50,-32.5,55.08,701
201,510,50,-32.5,55.08,701
201,520,50,-32.5,55.08,701
201,530,50,-32.5,55.08,701
201,540,50,-32.5,55.08,701
201,550,50,-32.5,55.08,701
202,0,0,0,0,701
202,10,61.89,-40.34,3.3,701
202,20,58.54,-37.11,7.48,701
202,30,56.68,-34.55,11.94,701
202,40,57.07,-32.57,16.56,701
202,50,58.18,-31.17,20.48,701
202,60,62.49,-32.81,23.31,701
202,70,63.53,-33.44,26.08,701
202,80,62.69,-34.34,31.5,701
202,90,58.97,-34.53,37.47,701
202,100,55.49,-34.8,43.69,701
202,110,52.85,-34.97,50.02,701
202,120,51.65,-35,52.81,701
202,130,48.47,-33.36,55.45,701
202,140,47.5,-33.3,56.09,701
202,150,47.5,-33.3,56.2,701
202,160,47.5,-33.3,56.2,701
202,170,47.5,-33.3,56.2,701
202,180,47.5,-33.3,56.2,701
202,190,47.5,-33.3,56.2,701
202,200,47.5,-33.3,56.2,701
202,210,47.5,-33.3,56.2,701
202,220,47.5,-33.3,56.2,701
202,230,47.5,-33.3,56.2,701
202,240,47.5,-33.3,56.2,701
202,250,47.5,-33.3,56.2,701
202,260,47.5,-33.3,56.2,701
202,270,47.5,-33.3,56.2,701
202,280,47.5,-33.3,56.2,701
202,290,47.5,-33.3,56.2,701
202,300,47.5,-33.3,56.2,701
202,310,47.5,-33.3,56.2,701
202,320,47.5,-33.3,56.2,701
202,330,47.5,-33.3,56.2,701
202,340,47.5,-33.3,56.2,701
202,350,47.5,-33.3,56.2,701
202,360,47.5,-33.3,56.2,701
202,370,47.5,-33.3,56.2,701
202,380,47.5,-33.3,56.2,701
202,390,47.5,-33.3,56.2,701
202,400,47.5,-33.3,56.2,701
202,410,47.5,-33.3,56.2,701
202,420,47.5,-33.3,56.2,701
202,430,47.5,-33.3,56.2,701
202,440,47.5,-33.3,56.2,701
202,450,47.5,-33.3,56.2,701
202,460,47.5,-33.3,56.2,701
202,470,47.5,-33.3,56.2,701
202,480,47.5,-33.3,56.2,701
202,490,47.5,-33.3,56.2,701
202,500,47.5,-33.3,56.2,701
202,510,47.5,-33.3,56.2,701
202,520,47.5,-33.3,56.2,701
202,530,47.5,-33.3,56.2,701
202,540,47.5,-33.3,56.2,701
202,550,47.5,-33.3,56.2,701
205,0,0,0,0,701
205,10,80.89,22.85,2.57,701
205,20,80.61,24.4,5.5,701
205,30,77.35,12.46,8.6,701
205,40,74.48,-1.08,12.56,701
205,50,75.92,-3.53,16.24,701
205,60,81.61,5.12,19.13,701
205,70,81.63,-6.51,22.37,701
205,80,78.24,-18.76,27.5,701
205,90,74.27,-22.7,33.92,701
205,100,69.42,-23.52,40.46,701
205,110,67.51,-22.12,47.52,701
205,120,66.01,-20.57,54.23,701
205,130,64.82,-17.42,59.16,701
205,140,65.11,-16.4,61.83,701
205,150,71.53,25.99,57.65,701
205,160,65.28,75.36,58.63,701
205,170,48.96,101.23,65.27,701
205,180,46.49,105.03,68.51,701
205,190,46.49,105.03,68.51,701
205,200,46.49,105.03,68.51,701
205,210,46.49,105.03,68.51,701
205,220,46.49,105.03,68.51,701
205,230,46.49,105.03,68.51,701
205,240,46.49,105.03,68.51,701
205,250,46.49,105.03,68.51,701
205,260,46.49,105.03,68.51,701
205,270,46.49,105.03,68.51,701
205,280,46.49,105.03,68.51,701
205,290,46.49,105.03,68.51,701
205,300,46.49,105.03,68.51,701
205,310,46.49,105.03,68.51,701
205,320,46.49,105.03,68.51,701
276,0,0,0,0,701
276,10,-6.55,-50.23,1.07,701
277,0,0,0,0,701
277,10,61.83,-40.34,3.3,701
277,20,58.54,-37.11,7.48,701
277,30,56.68,-34.55,11.94,701
277,40,57.07,-32.57,16.56,701
291,0,0,0,0,701
291,10,61.89,-40.34,3.3,701
291,20,58.54,-37.11,7.48,701
291,30,56.68,-34.55,11.94,701
291,40,57.07,-32.57,16.56,701
291,50,58.18,-31.17,20.48,701
291,60,62.49,-32.81,23.31,701
291,70,63.53,-33.44,26.08,701
291,80,62.69,-34.34,31.5,701
291,90,58.97,-34.53,37.47,701
291,100,55.49,-34.8,43.69,701
291,110,52.85,-34.97,50.02,701
291,120,51.65,-35,52.81,701
291,130,48.46,-33.36,56.11,701
291,140,47.5,-33.3,57.14,701
291,150,47.5,-33.3,57.3,701
291,160,47.5,-33.3,57.3,701
291,170,47.5,-33.3,57.3,701
291,180,47.5,-33.3,57.3,701
291,190,47.5,-33.3,57.3,701
291,200,47.5,-33.3,57.3,701
291,210,47.5,-33.3,57.3,701
291,220,47.5,-33.3,57.3,701
291,230,47.5,-33.3,57.3,701
291,240,47.5,-33.3,57.3,701
291,250,47.5,-33.3,57.3,701
291,260,47.5,-33.3,57.3,701
291,270,47.5,-33.3,57.3,701
291,280,47.5,-33.3,57.3,701
291,290,47.5,-33.3,57.3,701
291,300,47.5,-33.3,57.3,701
291,310,47.5,-33.3,57.3,701
291,320,47.5,-33.3,57.3,701
291,330,47.5,-33.3,57.3,701
291,340,47.5,-33.3,57.3,701
291,350,47.5,-33.3,57.3,701
291,360,47.5,-33.3,57.3,701
291,370,47.5,-33.3,57.3,701
291,380,47.5,-33.3,57.3,701
291,390,47.5,-33.3,57.3,701
291,400,47.5,-33.3,57.3,701
291,410,47.5,-33.3,57.3,701
291,420,47.5,-33.3,57.3,701
291,430,47.5,-33.3,57.3,701
291,440,47.5,-33.3,57.3,701
291,450,47.5,-33.3,57.3,701
291,460,47.5,-33.3,57.3,701
291,470,47.5,-33.3,57.3,701
291,480,47.5,-33.3,57.3,701
291,490,47.5,-33.3,57.3,701
291,500,47.5,-33.3,57.3,701
291,510,47.5,-33.3,57.3,701
291,520,47.5,-33.3,57.3,701
291,530,47.5,-33.3,57.3,701
291,540,47.5,-33.3,57.3,701
291,550,47.5,-33.3,57.3,701
301,0,0,0,0,701
301,10,17.95,-26.36,1.21,701
301,20,16.97,-22.76,2.38,701
301,30,24.93,-19.44,4.3,701
301,40,28.78,-18.49,7.46,701
301,50,30.71,-16.73,10.02,701
301,60,34.75,-15.72,12.58,701
301,70,35.35,-16.08,14.9,701
301,80,36.37,-15.39,17.33,701
301,90,39.57,-13.72,22.57,701
301,100,39.71,-12.19,29,701
301,110,41.94,-9.57,35.23,701
301,120,43.43,-7.16,41.03,701
301,130,44.44,-4.49,45.99,701
301,140,45.92,-3.45,48.36,701
301,150,47.02,-2.83,51.24,701
301,160,48.86,-0.34,54.08,701
301,170,49.98,1.03,57.7,701
301,180,49.44,0.36,60.6,701
301,190,48.94,-0.23,63.51,701
301,200,47.9,0.98,62.68,701
301,210,47.07,2.56,60.71,701
301,220,46.48,3.33,59.21,701
301,230,46.26,3.61,58.71,701
301,240,46.03,3.9,58.21,701
301,250,46.03,3.9,58.21,701
301,260,46.03,3.9,58.21,701
301,270,46.03,3.9,58.21,701
301,280,46.03,3.9,58.21,701
301,290,46.03,3.9,58.21,701
301,300,46.03,3.9,58.21,701
301,310,46.03,3.9,58.21,701
301,320,46.03,3.9,58.21,701
301,320,0,0,0,301
301,330,0,0,0,301
301,340,0,0,0,301
301,350,0,0,0,301
301,360,0,0,0,301
301,370,0,0,0,301
301,380,0,0,0,301
301,390,0,0,0,301
301,400,0,0,0,301
301,410,0,0,0,301
301,420,0,0,0,301
301,430,0,0,0,301
301,440,0,0,0,301
301,450,0,0,0,301
301,460,0,0,0,301
301,470,0,0,0,301
301,480,0,0,0,301
301,490,0,0,0,301
301,500,0,0,0,301
301,510,0,0,0,301
301,520,0,0,0,301
301,530,0,0,0,301
304,0,0,0,0,701
304,10,17.95,-26.36,1.21,701
304,20,16.73,-22.81,2.34,701
304,30,22.89,-19.49,3.32,701
304,40,31.01,-14.55,6.26,701
304,50,31.22,-15.22,6.84,701
304,60,36.63,-14.67,7.93,701
304,70,34.72,-17.42,8.48,701
304,80,34.43,-17.78,9.24,701
304,90,38.82,-17.13,12.2,701
304,100,39.08,-13.81,17.76,701
304,110,42.63,-10.08,23.13,701
304,120,-9.15,-32.08,0.26,701
304,130,62.8,-23.45,-2.5,701
304,140,34.65,-68.34,-0.71,701
304,150,-9.33,49.67,0.53,701
304,160,54.9,-0.05,6.66,701
304,170,52.67,-4.16,13.89,701
304,180,52.67,-4.16,13.89,701
304,190,52.67,-4.16,13.89,701
304,200,52.67,-4.16,13.89,701
304,210,52.67,-4.16,13.89,701
304,220,52.67,-4.16,13.89,701
304,230,52.67,-4.16,13.89,701
304,240,52.67,-4.16,13.89,701
304,250,52.67,-4.16,13.89,701
304,260,52.67,-4.16,13.89,701
304,270,52.67,-4.16,13.89,701
304,280,52.67,-4.16,13.89,701
304,290,52.67,-4.16,13.89,701
304,300,52.67,-4.16,13.89,701
304,310,52.67,-4.16,13.89,701
304,320,52.67,-4.16,13.89,701
315,0,0,0,0,701
315,10,17.95,-26.36,1.21,701
315,20,16.97,-22.76,2.38,701
315,30,24.93,-19.44,4.3,701
315,40,28.78,-18.49,7.46,701
315,50,30.71,-16.73,10.02,701
315,60,34.75,-15.72,12.58,701
315,70,35.35,-16.08,14.9,701
315,80,36.37,-15.39,17.33,701
315,90,39.57,-13.72,22.57,701
315,100,39.71,-12.19,29,701
315,110,41.94,-9.57,35.23,701
315,120,43.43,-7.16,41.03,701
315,130,44.44,-4.49,45.99,701
315,140,45.92,-3.45,48.36,701
315,150,47.02,-2.83,51.24,701
315,160,48.86,-0.34,54.08,701
315,170,49.98,1.03,57.7,701
315,180,49.44,0.36,60.6,701
315,190,48.94,-0.23,63.51,701
315,200,47.9,0.98,62.68,701
315,210,47.07,2.56,60.71,701
315,220,46.48,3.33,59.21,701
315,230,46.26,3.61,58.71,701
315,240,46.03,3.9,58.21,701
315,250,46.03,3.9,58.21,701
315,260,46.03,3.9,58.21,701
315,270,46.03,3.9,58.21,701
315,280,46.03,3.9,58.21,701
315,290,46.03,3.9,58.21,701
315,300,46.03,3.9,58.21,701
315,310,46.03,3.9,58.21,701
315,320,46.03,3.9,58.21,701
317,0,0,0,0,701
317,10,12.14,-27.17,1.27,701
317,20,17.54,-19.57,2.43,701
317,30,26.69,-17.2,4.64,701
317,40,31.33,-17.33,8.33,701
317,50,32.85,-16.92,11.15,701
317,60,32.56,-15.86,11.21,701
317,70,33.4,-15.87,12.88,701
317,80,36.22,-14.52,16.98,701
317,90,40.07,-13.28,22.97,701
317,100,40.23,-12.05,29.85,701
317,110,42.31,-9.51,36.1,701
317,120,43.71,-7.14,41.91,701
317,130,44.65,-4.53,46.87,701
317,140,46.1,-3.48,49.25,701
317,150,47.26,-3,52.19,701
317,160,49.22,-0.81,55.15,701
387,0,0,0,0,701
387,10,-31.94,83.04,-20.68,701
387,20,41.03,-84.05,24.14,701
401,0,0,0,0,701
401,10,17.95,-26.36,1.21,701
401,20,16.97,-22.76,2.38,701
401,30,24.93,-19.44,4.3,701
401,40,28.78,-18.49,7.46,701
401,50,30.71,-16.73,10.02,701
401,60,34.75,-15.72,12.58,701
401,70,35.35,-16.08,14.9,701
401,80,36.37,-15.39,17.33,701
401,90,39.57,-13.72,22.57,701
401,100,39.71,-12.19,29,701
401,110,41.94,-9.57,35.23,701
401,120,43.43,-7.16,41.03,701
401,130,44.44,-4.49,45.99,701
401,140,45.92,-3.45,48.36,701
401,150,47.02,-2.83,51.24,701
401,160,48.86,-0.34,54.08,701
401,170,49.98,1.03,57.7,701
401,180,49.44,0.36,60.6,701
401,190,48.94,-0.23,63.51,701
401,200,47.9,0.98,62.68,701
401,210,47.07,2.56,60.71,701
401,220,46.48,3.33,59.21,701
401,230,46.26,3.61,58.71,701
401,240,46.03,3.9,58.21,701
401,250,46.03,3.9,58.21,701
401,260,46.03,3.9,58.21,701
401,270,46.03,3.9,58.21,701
401,280,46.03,3.9,58.21,701
401,290,46.03,3.9,58.21,701
401,300,46.03,3.9,58.21,701
401,310,46.03,3.9,58.21,701
401,320,46.03,3.9,58.21,701
401,320,0,0,0,401
401,330,0,0,0,401
401,340,0,0,0,401
401,350,0,0,0,401
401,360,0,0,0,401
401,370,0,0,0,401
401,380,0,0,0,401
401,390,0,0,0,401
401,400,0,0,0,401
401,410,0,0,0,401
401,420,0,0,0,401
401,430,0,0,0,401
401,440,0,0,0,401
401,450,0,0,0,401
401,460,0,0,0,401
401,470,0,0,0,401
401,480,0,0,0,401
401,490,0,0,0,401
401,500,0,0,0,401
401,510,0,0,0,401
401,520,0,0,0,401
401,530,0,0,0,401
401,537,0,0,0,401
453,0,0,0,0,701
453,10,17.95,-26.36,1.21,701
453,20,16.97,-22.76,2.38,701
453,30,24.93,-19.44,4.3,701
453,40,28.78,-18.49,7.46,701
453,50,30.71,-16.73,10.02,701
453,60,34.75,-15.72,12.58,701
453,70,35.35,-16.08,14.9,701
453,80,36.37,-15.39,17.33,701
453,90,39.57,-13.72,22.57,701
453,100,39.71,-12.19,29,701
453,110,41.94,-9.57,35.23,701
453,120,43.43,-7.16,41.03,701
453,130,44.44,-4.49,45.99,701
409,0,0,0,0,701
409,10,-83.15,26.04,-6.41,701
409,20,-83.68,28.91,-13.16,701
409,30,-84.62,47.91,-19.94,701
409,40,-83.94,74.64,-27.48,701
409,50,-83.26,73.35,-34.99,701
409,60,-83.93,57.33,-38.19,701
409,70,-83.63,67.58,-41.38,701
409,80,82.19,-87.77,46.28,701
409,90,79.62,-69.58,52.17,701
409,100,75.81,-57.27,58.02,701
409,110,73.97,-50.21,64.28,701
409,120,71.78,-45.47,70.11,701
409,130,70.47,-39.75,73.76,701
409,140,70.64,-37.34,75.6,701
409,150,69.85,-36.35,78.33,701
501,0,0,0,0,701
501,10,24.99,32.96,-3.91,701
501,20,26.48,32.16,-8.32,701
501,30,21.71,41.75,-14.19,701
501,40,20.65,45.08,-19.53,701
501,50,20.31,39.91,-24.76,701
501,60,16.15,31.51,-37.18,701
501,70,19.05,23.05,-45.6,701
501,80,21.13,21.18,-51.24,701
501,90,20.04,27.46,-58.77,701
501,100,21.28,28.85,-56.82,701
501,110,22.59,30.35,-54.92,701
501,120,23.96,31.97,-53.08,701
501,130,21.38,36.37,-60.03,701
501,140,22.1,37.69,-61.45,701
501,150,24.29,40.59,-62.84,701
501,160,29.93,42.29,-60.47,701
501,170,29.93,42.29,-60.47,701
501,180,29.93,42.29,-60.47,701
501,190,29.93,42.29,-60.47,701
501,200,29.93,42.29,-60.47,701
501,210,29.93,42.29,-60.47,701
501,220,29.93,42.29,-60.47,701
501,230,29.93,42.29,-60.47,701
501,240,29.93,42.29,-60.47,701
501,250,29.93,42.29,-60.47,701
501,260,29.93,42.29,-60.47,701
501,270,29.93,42.29,-60.47,701
501,280,29.93,42.29,-60.47,701
501,290,29.93,42.29,-60.47,701
501,300,29.93,42.29,-60.47,701
501,310,29.93,42.29,-60.47,701
501,320,29.93,42.29,-60.47,701
501,330,29.93,42.29,-60.47,701
501,340,29.93,42.29,-60.47,701
501,350,29.93,42.29,-60.47,701
501,360,29.93,42.29,-60.47,701
501,370,29.93,42.29,-60.47,701
501,380,29.93,42.29,-60.47,701
501,390,29.93,42.29,-60.47,701
501,400,29.93,42.29,-60.47,701
501,410,29.93,42.29,-60.47,701
501,420,29.93,42.29,-60.47,701
501,430,29.93,42.29,-60.47,701
501,440,29.93,42.29,-60.47,701
501,450,29.93,42.29,-60.47,701
501,460,29.93,42.29,-60.47,701
501,470,29.93,42.29,-60.47,701
501,480,29.93,42.29,-60.47,701
501,490,29.93,42.29,-60.47,701
501,500,29.93,42.29,-60.47,701
501,510,29.93,42.29,-60.47,701
501,520,29.93,42.29,-60.47,701
501,530,29.93,42.29,-60.47,701
501,540,29.93,42.29,-60.47,701
501,550,29.93,42.29,-60.47,701
503,0,0,0,0,701
503,10,24.65,29.54,-4.32,701
503,20,27.07,22.67,-7.78,701
503,30,28.24,17.92,-8.21,701
503,40,28.24,17.92,-8.21,701
503,50,28.24,17.92,-8.21,701
503,60,28.24,17.92,-8.21,701
503,70,28.24,17.92,-8.21,701
503,80,28.24,17.92,-8.21,701
503,90,28.24,17.92,-8.21,701
503,100,28.24,17.92,-8.21,701
503,110,28.24,17.92,-8.21,701
503,120,28.24,17.92,-8.21,701
503,130,28.24,17.92,-8.21,701
503,140,28.24,17.92,-8.21,701
503,150,28.24,17.92,-8.21,701
503,160,28.24,17.92,-8.21,701
503,170,28.24,17.92,-8.21,701
503,180,28.24,17.92,-8.21,701
503,190,28.24,17.92,-8.21,701
503,200,28.24,17.92,-8.21,701
503,210,28.24,17.92,-8.21,701
503,220,28.24,17.92,-8.21,701
503,230,28.24,17.92,-8.21,701
503,240,28.24,17.92,-8.21,701
503,250,28.24,17.92,-8.21,701
503,260,28.24,17.92,-8.21,701
503,270,28.24,17.92,-8.21,701
503,280,28.24,17.92,-8.21,701
503,290,28.24,17.92,-8.21,701
503,300,28.24,17.92,-8.21,701
503,310,28.24,17.92,-8.21,701
503,320,28.24,17.92,-8.21,701
503,330,28.24,17.92,-8.21,701
503,340,28.24,17.92,-8.21,701
503,350,28.24,17.92,-8.21,701
503,360,28.24,17.92,-8.21,701
503,370,28.24,17.92,-8.21,701
503,380,28.24,17.92,-8.21,701
503,390,28.24,17.92,-8.21,701
503,400,28.24,17.92,-8.21,701
503,410,28.24,17.92,-8.21,701
503,420,28.24,17.92,-8.21,701
503,430,28.24,17.92,-8.21,701
503,440,28.24,17.92,-8.21,701
503,450,28.24,17.92,-8.21,701
503,460,28.24,17.92,-8.21,701
503,470,28.24,17.92,-8.21,701
503,480,28.24,17.92,-8.21,701
503,490,28.24,17.92,-8.21,701
503,500,28.24,17.92,-8.21,701
503,510,28.24,17.92,-8.21,701
503,520,28.24,17.92,-8.21,701
503,530,28.24,17.92,-8.21,701
503,540,28.24,17.92,-8.21,701
503,550,28.24,17.92,-8.21,701
508,0,0,0,0,701
508,10,0,0,0,701
508,20,36.79,31.31,-1.81,701
508,30,36.79,31.31,-3.48,701
508,40,36.79,31.31,-3.62,701
508,50,36.79,31.31,-3.62,701
508,60,36.79,31.31,-3.62,701
508,70,36.79,31.31,-3.62,701
508,80,36.79,31.31,-3.62,701
508,90,36.79,31.31,-3.62,701
508,100,36.79,31.31,-3.62,701
508,110,36.79,31.31,-3.62,701
508,120,36.79,31.31,-3.62,701
508,130,36.79,31.31,-3.62,701
508,140,36.79,31.31,-3.62,701
508,150,36.79,31.31,-3.62,701
508,160,36.79,31.31,-3.62,701
508,170,36.79,31.31,-3.62,701
508,180,36.79,31.31,-3.62,701
508,190,36.79,31.31,-3.62,701
508,200,36.79,31.31,-3.62,701
508,210,36.79,31.31,-3.62,701
508,220,36.79,31.31,-3.62,701
508,230,36.79,31.31,-3.62,701
508,240,36.79,31.31,-3.62,701
508,250,36.79,31.31,-3.62,701
508,260,36.79,31.31,-3.62,701
508,270,36.79,31.31,-3.62,701
508,280,36.79,31.31,-3.62,701
508,290,36.79,31.31,-3.62,701
508,300,36.79,31.31,-3.62,701
508,310,36.79,31.31,-3.62,701
508,320,36.79,31.31,-3.62,701
508,330,36.79,31.31,-3.62,701
508,340,36.79,31.31,-3.62,701
508,350,36.79,31.31,-3.62,701
508,360,36.79,31.31,-3.62,701
508,370,36.79,31.31,-3.62,701
508,380,36.79,31.31,-3.62,701
508,390,36.79,31.31,-3.62,701
508,400,36.79,31.31,-3.62,701
508,410,36.79,31.31,-3.62,701
508,420,36.79,31.31,-3.62,701
508,430,36.79,31.31,-3.62,701
508,440,36.79,31.31,-3.62,701
508,450,36.79,31.31,-3.62,701
508,460,36.79,31.31,-3.62,701
508,470,36.79,31.31,-3.62,701
508,480,36.79,31.31,-3.62,701
508,490,36.79,31.31,-3.62,701
508,500,36.79,31.31,-3.62,701
508,510,36.79,31.31,-3.62,701
508,520,36.79,31.31,-3.62,701
508,530,36.79,31.31,-3.62,701
508,540,36.79,31.31,-3.62,701
508,550,36.79,31.31,-3.62,701
511,0,0,0,0,701
511,10,12.33,52.87,-6.08,701
511,20,14.8,47.62,-11.65,701
511,30,13.68,49.94,-17.84,701
511,40,17.25,49.39,-22.38,701
511,50,17.56,40.99,-27.74,701
511,60,15.75,31.5,-37.89,701
511,70,16.57,24.11,-47.45,701
511,80,18.28,22.79,-52.07,701
511,90,16.39,30.3,-62.54,701
511,100,17.53,31.7,-60.65,701
514,0,0,0,0,701
514,10,5.5,-47.13,1.73,701
514,20,9.17,-47.15,2.96,701
514,30,11.45,-44.8,5.1,701
514,40,13.07,-43.6,7.22,701
514,50,8.77,-40.71,9.47,701
514,60,7.69,-46.1,11.2,701
514,70,-0.39,-42.84,12.47,701
514,80,-2.83,-37.27,16.32,701
514,90,1.3,-37.06,22.5,701
514,100,-3.11,-33.53,27.03,701
514,110,-7.42,-29.3,34.14,701
514,120,-10.25,-26.48,41.48,701
514,130,-6.65,-34.73,40.47,701
601,0,0,0,0,701
601,10,17.95,-26.36,1.21,701
601,20,16.97,-22.76,2.38,701
601,30,24.93,-19.44,4.3,701
601,40,28.78,-18.49,7.46,701
601,50,30.71,-16.73,10.02,701
601,60,34.75,-15.72,12.58,701
601,70,35.35,-16.08,14.9,701
601,80,36.37,-15.39,17.33,701
601,90,39.57,-13.72,22.57,701
601,100,39.71,-12.19,29,701
601,110,41.94,-9.57,35.23,701
601,120,43.43,-7.16,41.03,701
601,120,0,0,0,601
601,130,0,0,0,601
601,150,0,0,0,601
601,160,0,0,0,601
601,170,0,0,0,601
601,180,0,0,0,601
601,210,0,0,0,601
601,240,0,0,0,601
601,250,0,0,0,601
602,0,0,0,0,701
602,10,17.95,-26.36,1.21,701
602,20,16.97,-22.76,2.38,701
602,30,24.93,-19.44,4.3,701
602,40,28.78,-18.49,7.46,701
602,50,30.71,-16.73,10.02,701
602,60,34.75,-15.72,12.58,701
602,70,35.35,-16.08,14.9,701
602,80,36.37,-15.39,17.33,701
602,90,39.57,-13.72,22.57,701
602,100,39.71,-12.19,29,701
602,110,41.94,-9.57,35.23,701
602,120,43.43,-7.16,41.03,701
602,120,0,0,0,601
602,130,0,0,0,601
602,150,0,0,0,601
602,160,0,0,0,601
602,170,0,0,0,601
608,0,0,0,0,701
608,10,-33.39,-24.56,-12.43,701
608,20,-25.52,-25.24,-27.77,701
608,30,-24.4,-21.08,-35.55,701
608,40,-28.34,-18.81,-34.13,701
608,50,-14.63,-36.58,-76.7,701
608,60,-15.89,-31.3,-72.01,701
608,70,-18.75,-26.7,-67.73,701
608,80,-24.41,-19.34,-62.46,701
608,90,-27.72,-10.78,-61.66,701
610,0,0,0,0,701
610,10,-33.39,-24.56,-12.43,701
610,20,-24.07,-20.09,-26.56,701
610,30,-16.48,-5.73,-26.15,701
610,40,-21.87,10.9,-24.33,701
610,50,-15.28,-21.26,-59.43,701
611,0,0,0,0,701
611,10,-33.39,-24.56,-12.43,701
611,20,-25.52,-25.24,-27.77,701
611,30,-24.4,-21.08,-35.55,701
611,40,-29.72,-9.29,-32.72,701
611,50,-17.94,-28.54,-69.4,701
653,0,0,0,0,701
653,10,30.31,-73.61,8.95,701
653,20,-50.25,54.73,-12.36,701
653,30,-41.03,4.18,-20.55,701
653,40,-41.32,-3.73,-23.14,701
688,0,0,0,0,701
688,10,30.31,-73.61,8.95,701
688,20,-50.25,54.73,-12.36,701
688,30,-39.59,-8.16,-20.67,701
688,40,-30.01,-31.45,-26.55,701
699,0,0,0,0,701
699,10,-33.51,79.71,-3.92,701
699,20,-26.08,-2.47,-15.36,701
699,30,-13.23,19.12,-17.32,701
699,40,-18.61,43.24,-18.51,701
699,50,-15.58,-15.55,-47.92,701
701,0,0,0,0,701
701,10,0,0,0,701
701,20,0,0,0,701
701,30,0,0,0,701
701,40,0,0,0,701
701,50,0,0,0,701
701,60,0,0,0,701
701,70,0,0,0,701
701,80,0,0,0,701
701,90,0,0,0,701
701,100,0,0,0,701
701,110,0,0,0,701
701,120,0,0,0,701
701,130,0,0,0,701
701,140,0,0,0,701
701,150,0,0,0,701
701,160,0,0,0,701
701,170,0,0,0,701
701,180,0,0,0,701
701,190,0,0,0,701
701,200,0,0,0,701
701,210,0,0,0,701
701,220,0,0,0,701
701,230,0,0,0,701
701,240,0,0,0,701
701,250,0,0,0,701
701,260,0,0,0,701
701,270,0,0,0,701
701,280,0,0,0,701
701,290,0,0,0,701
701,300,0,0,0,701
701,310,0,0,0,701
701,320,0,0,0,701
701,330,0,0,0,701
701,340,0,0,0,701
701,350,0,0,0,701
701,360,0,0,0,701
701,370,0,0,0,701
701,380,0,0,0,701
701,390,0,0,0,701
701,400,0,0,0,701
701,410,0,0,0,701
701,420,0,0,0,701
701,430,0,0,0,701
701,440,0,0,0,701
701,450,0,0,0,701
701,460,0,0,0,701
701,470,0,0,0,701
701,480,0,0,0,701
701,490,0,0,0,701
701,500,0,0,0,701
701,510,0,0,0,701
701,520,0,0,0,701
701,530,0,0,0,701
701,540,0,0,0,701
701,550,0,0,0,701
702,0,0,0,0,701
702,10,0,0,0,701
702,20,0,0,0,701
702,30,0,0,0,701
702,40,0,0,0,701
702,50,0,0,0,701
702,60,0,0,0,701
702,70,0,0,0,701
702,80,0,0,0,701
702,90,0,0,0,701
702,100,0,0,0,701
702,110,0,0,0,701
702,120,0,0,0,701
702,130,2.57,-63.33,3.86,701
702,140,0.65,-55.35,7.42,701
702,150,-4.61,-59.81,11.09,701
702,160,-14.73,-42.38,15.64,701
702,170,-14.73,-42.38,15.64,701
702,180,-14.73,-42.38,15.64,701
702,190,-14.73,-42.38,15.64,701
702,200,-14.73,-42.38,15.64,701
702,210,-14.73,-42.38,15.64,701
702,220,-14.73,-42.38,15.64,701
702,230,-14.73,-42.38,15.64,701
702,240,-14.73,-42.38,15.64,701
702,250,-14.73,-42.38,15.64,701
702,260,-14.73,-42.38,15.64,701
702,270,-14.73,-42.38,15.64,701
702,280,-14.73,-42.38,15.64,701
702,290,-14.73,-42.38,15.64,701
702,300,-14.73,-42.38,15.64,701
702,310,-14.73,-42.38,15.64,701
702,320,-14.73,-42.38,15.64,701
702,330,-14.73,-42.38,15.64,701
702,340,-14.73,-42.38,15.64,701
702,350,-14.73,-42.38,15.64,701
702,360,-14.73,-42.38,15.64,701
702,370,-14.73,-42.38,15.64,701
702,380,-14.73,-42.38,15.64,701
702,390,-14.73,-42.38,15.64,701
702,400,-14.73,-42.38,15.64,701
702,410,-14.73,-42.38,15.64,701
702,420,-14.73,-42.38,15.64,701
702,430,-14.73,-42.38,15.64,701
702,440,-14.73,-42.38,15.64,701
702,450,-14.73,-42.38,15.64,701
702,460,-14.73,-42.38,15.64,701
702,470,-14.73,-42.38,15.64,701
702,480,-14.73,-42.38,15.64,701
702,490,-14.73,-42.38,15.64,701
702,500,-14.73,-42.38,15.64,701
702,510,-14.73,-42.38,15.64,701
702,520,-14.73,-42.38,15.64,701
702,530,-14.73,-42.38,15.64,701
702,540,-14.73,-42.38,15.64,701
702,550,-14.73,-42.38,15.64,701
704,0,0,0,0,701
704,10,0,0,0,701
704,20,0,0,0,701
704,30,0,0,0,701
704,40,0,0,0,701
704,50,0,0,0,701
704,60,0,0,0,701
704,70,3.88,30.72,-14.2,701
704,80,2.03,39.21,-24.22,701
704,90,1.69,40.73,-27.79,701
704,100,1.69,40.73,-27.79,701
704,110,1.69,40.73,-27.79,701
704,120,1.69,40.73,-27.79,701
704,130,-3.08,-131.88,28.96,701
704,140,-4.91,-124.96,29.49,701
704,150,-7.84,-119.83,31.73,701
704,160,-15.99,-111.15,30.3,701
704,170,-15.99,-111.15,30.3,701
704,180,-15.99,-111.15,30.3,701
704,190,-15.99,-111.15,30.3,701
704,200,-15.99,-111.15,30.3,701
704,210,-15.99,-111.15,30.3,701
704,220,-15.99,-111.15,30.3,701
704,230,-15.99,-111.15,30.3,701
704,240,-15.99,-111.15,30.3,701
704,250,-15.99,-111.15,30.3,701
704,260,-15.99,-111.15,30.3,701
704,270,-15.99,-111.15,30.3,701
704,280,-15.99,-111.15,30.3,701
704,290,-15.99,-111.15,30.3,701
704,300,-15.99,-111.15,30.3,701
704,310,-15.99,-111.15,30.3,701
704,320,-15.99,-111.15,30.3,701
704,330,-15.99,-111.15,30.3,701
704,340,-15.99,-111.15,30.3,701
704,350,-15.99,-111.15,30.3,701
704,360,-15.99,-111.15,30.3,701
704,370,-15.99,-111.15,30.3,701
704,380,-15.99,-111.15,30.3,701
704,390,-15.99,-111.15,30.3,701
704,400,-15.99,-111.15,30.3,701
704,410,-15.99,-111.15,30.3,701
704,420,-15.99,-111.15,30.3,701
704,430,-15.99,-111.15,30.3,701
704,440,-15.99,-111.15,30.3,701
704,450,-15.99,-111.15,30.3,701
704,460,-15.99,-111.15,30.3,701
704,470,-15.99,-111.15,30.3,701
704,480,-15.99,-111.15,30.3,701
704,490,-15.99,-111.15,30.3,701
704,500,-15.99,-111.15,30.3,701
704,510,-15.99,-111.15,30.3,701
704,520,-15.99,-111.15,30.3,701
704,530,-15.99,-111.15,30.3,701
704,540,-15.99,-111.15,30.3,701
704,550,-15.99,-111.15,30.3,701
709,0,0,0,0,701
709,10,-14.98,-29.79,0.21,701
709,20,-9.9,-37,0.22,701
709,30,-9.9,-37,0.22,701
709,40,-9.9,-37,0.22,701
709,50,-9.9,-37,0.22,701
709,60,-9.9,-37,0.22,701
709,70,-9.9,-37,0.22,701
709,80,-9.9,-37,0.22,701
709,90,-9.9,-37,0.22,701
709,100,-9.9,-37,0.22,701
709,110,-9.9,-37,0.22,701
709,120,-9.9,-37,0.22,701
709,130,-9.9,-37,0.22,701
709,140,-9.9,-37,0.22,701
709,150,-9.9,-37,0.22,701
709,160,-9.9,-37,0.22,701
709,170,-9.9,-37,0.22,701
709,180,-9.9,-37,0.22,701
709,190,-9.9,-37,0.22,701
709,200,-9.9,-37,0.22,701
709,210,-9.9,-37,0.22,701
709,220,-9.9,-37,0.22,701
709,230,-9.9,-37,0.22,701
709,240,-9.9,-37,0.22,701
709,250,-9.9,-37,0.22,701
709,260,-9.9,-37,0.22,701
709,270,-9.9,-37,0.22,701
709,280,-9.9,-37,0.22,701
709,290,-9.9,-37,0.22,701
709,300,-9.9,-37,0.22,701
709,310,-9.9,-37,0.22,701
709,320,-9.9,-37,0.22,701
709,330,-9.9,-37,0.22,701
709,340,-9.9,-37,0.22,701
709,350,-9.9,-37,0.22,701
709,360,-9.9,-37,0.22,701
709,370,-9.9,-37,0.22,701
709,380,-9.9,-37,0.22,701
709,390,-9.9,-37,0.22,701
709,400,-9.9,-37,0.22,701
709,410,-9.9,-37,0.22,701
709,420,-9.9,-37,0.22,701
709,430,-9.9,-37,0.22,701
709,440,-9.9,-37,0.22,701
709,450,-9.9,-37,0.22,701
709,460,-9.9,-37,0.22,701
709,470,-9.9,-37,0.22,701
709,480,-9.9,-37,0.22,701
709,490,-9.9,-37,0.22,701
709,500,-9.9,-37,0.22,701
709,510,-9.9,-37,0.22,701
709,520,-9.9,-37,0.22,701
709,530,-9.9,-37,0.22,701
709,540,-9.9,-37,0.22,701
709,550,-9.9,-37,0.22,701
710,0,0,0,0,701
710,10,15.4,37.48,-7.29,701
710,20,15.4,37.48,-14.57,701
710,30,15.4,37.48,-18.42,701
710,40,15.4,37.48,-18.56,701
710,50,15.4,37.48,-18.56,701
710,60,15.4,37.48,-18.56,701
710,70,15.4,37.48,-18.56,701
710,80,15.4,37.48,-18.56,701
710,90,15.4,37.48,-18.56,701
710,100,15.4,37.48,-18.56,701
710,110,15.4,37.48,-18.56,701
710,120,15.4,37.48,-18.56,701
710,130,15.4,37.48,-18.56,701
710,140,15.4,37.48,-18.56,701
710,150,15.4,37.48,-18.56,701
710,160,15.4,37.48,-18.56,701
710,170,15.4,37.48,-18.56,701
710,180,15.4,37.48,-18.56,701
710,190,15.4,37.48,-18.56,701
710,200,15.4,37.48,-18.56,701
710,210,15.4,37.48,-18.56,701
710,220,15.4,37.48,-18.56,701
710,230,15.4,37.48,-18.56,701
710,240,15.4,37.48,-18.56,701
710,250,15.4,37.48,-18.56,701
710,260,15.4,37.48,-18.56,701
710,270,15.4,37.48,-18.56,701
710,280,15.4,37.48,-18.56,701
710,290,15.4,37.48,-18.56,701
710,300,15.4,37.48,-18.56,701
710,310,15.4,37.48,-18.56,701
710,320,15.4,37.48,-18.56,701
710,330,15.4,37.48,-18.56,701
710,340,15.4,37.48,-18.56,701
710,350,15.4,37.48,-18.56,701
710,360,15.4,37.48,-18.56,701
710,370,15.4,37.48,-18.56,701
710,380,15.4,37.48,-18.56,701
710,390,15.4,37.48,-18.56,701
710,400,15.4,37.48,-18.56,701
710,410,15.4,37.48,-18.56,701
710,420,15.4,37.48,-18.56,701
710,430,15.4,37.48,-18.56,701
710,440,15.4,37.48,-18.56,701
710,450,15.4,37.48,-18.56,701
710,460,15.4,37.48,-18.56,701
710,470,15.4,37.48,-18.56,701
710,480,15.4,37.48,-18.56,701
710,490,15.4,37.48,-18.56,701
710,500,15.4,37.48,-18.56,701
710,510,15.4,37.48,-18.56,701
710,520,15.4,37.48,-18.56,701
710,530,15.4,37.48,-18.56,701
710,540,15.4,37.48,-18.56,701
710,550,15.4,37.48,-18.56,701
712,0,0,0,0,701
712,10,-17.8,37.1,0.83,701
712,20,-17.8,37.1,1.67,701
712,30,-17.8,37.1,2.5,701
712,40,-17.8,37.1,2.5,701
712,50,-17.8,37.1,2.5,701
712,60,-17.8,37.1,2.5,701
712,70,-17.8,37.1,2.5,701
712,80,-17.8,37.1,2.5,701
712,90,-17.8,37.1,2.5,701
712,100,-17.8,37.1,2.5,701
712,110,-17.8,37.1,2.5,701
712,120,-17.8,37.1,2.5,701
712,130,-17.8,37.1,2.5,701
712,140,-17.8,37.1,2.5,701
712,150,-17.8,37.1,2.5,701
712,160,-17.8,37.1,2.5,701
712,170,-17.8,37.1,2.5,701
712,180,-17.8,37.1,2.5,701
712,190,-17.8,37.1,2.5,701
712,200,-17.8,37.1,2.5,701
712,210,-17.8,37.1,2.5,701
712,220,-17.8,37.1,2.5,701
712,230,-17.8,37.1,2.5,701
712,240,-17.8,37.1,2.5,701
712,250,-17.8,37.1,2.5,701
712,260,-17.8,37.1,2.5,701
712,270,-17.8,37.1,2.5,701
712,280,-17.8,37.1,2.5,701
712,290,-17.8,37.1,2.5,701
712,300,-17.8,37.1,2.5,701
712,310,-17.8,37.1,2.5,701
712,320,-17.8,37.1,2.5,701
712,330,-17.8,37.1,2.5,701
712,340,-17.8,37.1,2.5,701
712,350,-17.8,37.1,2.5,701
712,360,-17.8,37.1,2.5,701
712,370,-17.8,37.1,2.5,701
712,380,-17.8,37.1,2.5,701
712,390,-17.8,37.1,2.5,701
712,400,-17.8,37.1,2.5,701
712,410,-17.8,37.1,2.5,701
712,420,-17.8,37.1,2.5,701
712,430,-17.8,37.1,2.5,701
712,440,-17.8,37.1,2.5,701
712,450,-17.8,37.1,2.5,701
712,460,-17.8,37.1,2.5,701
712,470,-17.8,37.1,2.5,701
712,480,-17.8,37.1,2.5,701
712,490,-17.8,37.1,2.5,701
712,500,-17.8,37.1,2.5,701
712,510,-17.8,37.1,2.5,701
712,520,-17.8,37.1,2.5,701
712,530,-17.8,37.1,2.5,701
712,540,-17.8,37.1,2.5,701
712,550,-17.8,37.1,2.5,701
714,0,0,0,0,701
714,10,0,0,0,701
714,20,0,0,0,701
714,30,0,0,0,701
714,40,0,0,0,701
714,50,0,0,0,701
714,60,0,0,0,701
714,70,0,0,0,701
714,80,0,0,0,701
714,90,0,0,0,701
714,100,0,0,0,701
714,110,0,0,0,701
714,120,0,0,0,701
714,130,33.65,26.02,2,701
714,140,33.65,26.02,2.34,701
714,150,33.65,26.02,2.34,701
714,160,33.65,26.02,2.34,701
714,170,33.65,26.02,2.34,701
714,180,33.65,26.02,2.34,701
714,190,33.65,26.02,2.34,701
714,200,33.65,26.02,2.34,701
714,210,33.65,26.02,2.34,701
714,220,33.65,26.02,2.34,701
714,230,33.65,26.02,2.34,701
714,240,33.65,26.02,2.34,701
714,250,33.65,26.02,2.34,701
714,260,33.65,26.02,2.34,701
714,270,33.65,26.02,2.34,701
714,280,33.65,26.02,2.34,701
714,290,33.65,26.02,2.34,701
714,300,33.65,26.02,2.34,701
714,310,33.65,26.02,2.34,701
714,320,33.65,26.02,2.34,701
714,330,33.65,26.02,2.34,701
714,340,33.65,26.02,2.34,701
714,350,33.65,26.02,2.34,701
714,360,33.65,26.02,2.34,701
714,370,33.65,26.02,2.34,701
714,380,33.65,26.02,2.34,701
714,390,33.65,26.02,2.34,701
714,400,33.65,26.02,2.34,701
714,410,33.65,26.02,2.34,701
714,420,33.65,26.02,2.34,701
714,430,33.65,26.02,2.34,701
714,440,33.65,26.02,2.34,701
714,450,33.65,26.02,2.34,701
714,460,33.65,26.02,2.34,701
714,470,33.65,26.02,2.34,701
714,480,33.65,26.02,2.34,701
714,490,33.65,26.02,2.34,701
714,500,33.65,26.02,2.34,701
714,510,33.65,26.02,2.34,701
714,520,33.65,26.02,2.34,701
714,530,33.65,26.02,2.34,701
714,540,33.65,26.02,2.34,701
714,550,33.65,26.02,2.34,701
715,0,0,0,0,701
715,10,0,0,0,701
715,20,0,0,0,701
715,30,0,0,0,701
715,40,0,0,0,701
715,50,0,0,0,701
715,60,0,0,0,701
715,70,0,0,0,701
715,80,0,0,0,701
715,90,40.5,-61.4,-0.12,701
715,100,40.5,-61.4,-0.31,701
715,110,40.5,-61.4,-0.5,701
715,120,40.5,-31.4,-0.69,701
715,130,40.5,-61.4,-0.7,701
715,140,40.5,-61.4,-0.7,701
715,150,40.5,-61.4,-0.7,701
715,160,40.5,-61.4,-0.7,701
715,170,40.5,-61.4,-0.7,701
715,180,40.5,-61.4,-0.7,701
715,190,40.5,-61.4,-0.7,701
715,200,40.5,-61.4,-0.7,701
715,210,40.5,-61.4,-0.7,701
715,220,40.5,-61.4,-0.7,701
715,230,40.5,-61.4,-0.7,701
715,240,40.5,-61.4,-0.7,701
715,250,40.5,-61.4,-0.7,701
715,260,40.5,-61.4,-0.7,701
715,270,40.5,-61.4,-0.7,701
715,280,40.5,-61.4,-0.7,701
715,290,40.5,-61.4,-0.7,701
715,300,40.5,-61.4,-0.7,701
715,310,40.5,-61.4,-0.7,701
715,320,40.5,-61.4,-0.7,701
715,330,40.5,-61.4,-0.7,701
715,340,40.5,-61.4,-0.7,701
715,350,40.5,-61.4,-0.7,701
715,360,40.5,-61.4,-0.7,701
715,370,40.5,-61.4,-0.7,701
715,380,40.5,-61.4,-0.7,701
715,390,40.5,-61.4,-0.7,701
715,400,40.5,-61.4,-0.7,701
715,410,40.5,-61.4,-0.7,701
715,420,40.5,-61.4,-0.7,701
715,430,40.5,-61.4,-0.7,701
715,440,40.5,-61.4,-0.7,701
715,450,40.5,-61.4,-0.7,701
715,460,40.5,-61.4,-0.7,701
715,470,40.5,-61.4,-0.7,701
715,480,40.5,-61.4,-0.7,701
715,490,40.5,-61.4,-0.7,701
715,500,40.5,-61.4,-0.7,701
715,510,40.5,-61.4,-0.7,701
715,520,40.5,-61.4,-0.7,701
715,530,40.5,-61.4,-0.7,701
715,540,40.5,-61.4,-0.7,701
715,550,40.5,-61.4,-0.7,701
801,0,0,0,0,701
801,10,11.01,54.63,-6.24,701
801,20,12.69,49.03,-11.83,701
801,30,-13,-129.06,17.8,701
801,40,-14.13,-127.86,22.4,701
801,50,-17.79,-123.87,23.61,701
801,60,-14.2,-121.12,25.69,701
801,70,-17.78,-119.12,26.28,701
801,80,-20.6,-111.01,26.64,701
801,90,-17.85,-98.74,28.98,701
801,100,-18.46,-90.33,30.85,701
801,110,-17.38,-78.74,35,701
801,120,-16.43,-70.45,40.46,701
801,130,-15.93,-68.27,44.63,701
801,140,-15.66,-66.18,48.51,701
801,150,-15.52,-66.37,52.72,701
801,160,-19.57,-62.1,56.42,701
801,170,-19.57,-62.1,56.42,701
801,180,-19.57,-62.1,56.42,701
801,190,-19.57,-62.1,56.42,701
801,200,-19.57,-62.1,56.42,701
801,210,-19.57,-62.1,56.42,701
801,220,-19.57,-62.1,56.42,701
801,230,-19.57,-62.1,56.42,701
801,240,-19.57,-62.1,56.42,701
801,250,-19.57,-62.1,56.42,701
801,260,-19.57,-62.1,56.42,701
801,270,-19.57,-62.1,56.42,701
801,280,-19.57,-62.1,56.42,701
801,290,-19.57,-62.1,56.42,701
801,300,-19.57,-62.1,56.42,701
801,310,-19.57,-62.1,56.42,701
801,320,-19.57,-62.1,56.42,701
801,330,-19.57,-62.1,56.42,701
801,340,-19.57,-62.1,56.42,701
801,350,-19.57,-62.1,56.42,701
801,360,-19.57,-62.1,56.42,701
801,370,-19.57,-62.1,56.42,701
801,380,-19.57,-62.1,56.42,701
801,390,-19.57,-62.1,56.42,701
801,400,-19.57,-62.1,56.42,701
801,410,-19.57,-62.1,56.42,701
801,420,-19.57,-62.1,56.42,701
801,430,-19.57,-62.1,56.42,701
801,440,-19.57,-62.1,56.42,701
801,450,-19.57,-62.1,56.42,701
801,460,-19.57,-62.1,56.42,701
801,470,-19.57,-62.1,56.42,701
801,480,-19.57,-62.1,56.42,701
801,490,-19.57,-62.1,56.42,701
801,500,-19.57,-62.1,56.42,701
801,510,-19.57,-62.1,56.42,701
801,520,-19.57,-62.1,56.42,701
801,530,-19.57,-62.1,56.42,701
801,540,-19.57,-62.1,56.42,701
801,550,-19.57,-62.1,56.42,701
802,0,0,0,0,701
802,10,5.5,-47.13,1.73,701
802,20,9.17,-47.15,2.96,701
802,30,11.45,-44.8,5.1,701
802,40,13.07,-43.6,7.22,701
802,50,8.77,-40.71,9.47,701
802,60,7.69,-46.1,11.2,701
802,70,-0.39,-42.84,12.47,701
802,80,-2.83,-3.27,16.32,701
802,90,1.3,-37.06,22.5,701
802,100,-3.11,-33.53,27.03,701
802,110,-7.42,-29.3,34.14,701
802,120,-10.25,-26.48,41.48,701
802,130,-9.04,-28.54,45.5,701
802,140,-8,-29.93,49.47,701
802,150,-7.43,-32.88,52.81,701
802,160,-10.44,-31.26,58.4,701
802,170,-10.44,-31.26,58.4,701
802,180,-10.44,-31.26,58.4,701
802,190,-10.44,-31.26,58.4,701
802,200,-10.44,-31.26,58.4,701
802,210,-10.44,-31.26,58.4,701
802,220,-10.44,-31.26,58.4,701
802,230,-10.44,-31.26,58.4,701
802,240,-10.44,-31.26,58.4,701
802,250,-10.44,-31.26,58.4,701
802,260,-10.44,-31.26,58.4,701
802,270,-10.44,-31.26,58.4,701
802,280,-10.44,-31.26,58.4,701
802,290,-10.44,-31.26,58.4,701
802,300,-10.44,-31.26,58.4,701
802,310,-10.44,-31.26,58.4,701
802,320,-10.44,-31.26,58.4,701
802,330,-10.44,-31.26,58.4,701
802,340,-10.44,-31.26,58.4,701
802,350,-10.44,-31.26,58.4,701
802,360,-10.44,-31.26,58.4,701
802,370,-10.44,-31.26,58.4,701
802,380,-10.44,-31.26,58.4,701
802,390,-10.44,-31.26,58.4,701
802,400,-10.44,-31.26,58.4,701
802,410,-10.44,-31.26,58.4,701
802,420,-10.44,-31.26,58.4,701
802,430,-10.44,-31.26,58.4,701
802,440,-10.44,-31.26,58.4,701
802,450,-10.44,-31.26,58.4,701
802,460,-10.44,-31.26,58.4,701
802,470,-10.44,-31.26,58.4,701
802,480,-10.44,-31.26,58.4,701
802,490,-10.44,-31.26,58.4,701
802,500,-10.44,-31.26,58.4,701
802,510,-10.44,-31.26,58.4,701
802,520,-10.44,-31.26,58.4,701
802,530,-10.44,-31.26,58.4,701
802,540,-10.44,-31.26,58.4,701
802,550,-10.44,-31.26,58.4,701
804,0,0,0,0,701
804,10,5.5,-47.13,1.73,701
804,20,9.17,-47.15,2.96,701
804,30,9.77,-43.11,5.37,701
804,40,8.71,-39.47,8.28,701
804,50,5.08,-37.08,10.91,701
804,60,-1.88,-43.08,13.02,701
804,70,-8.74,-40.65,14.64,701
804,80,-9.17,-35.96,18.56,701
804,90,-3.78,-35.78,24.57,701
804,100,-3.78,-35.78,24.57,701
804,110,-3.78,-35.78,24.57,701
804,120,-3.78,-35.78,24.57,701
804,130,-3.78,-35.78,24.57,701
804,140,-3.78,-35.78,24.57,701
804,150,-3.78,-35.78,24.57,701
804,160,-3.78,-35.78,24.57,701
804,170,-3.78,-35.78,24.57,701
804,180,-3.78,-35.78,24.57,701
804,190,-3.78,-35.78,24.57,701
804,200,-3.78,-35.78,24.57,701
804,210,-3.78,-35.78,24.57,701
804,220,-3.78,-35.78,24.57,701
804,230,-3.78,-35.78,24.57,701
804,240,-3.78,-35.78,24.57,701
804,250,-3.78,-35.78,24.57,701
804,260,-3.78,-35.78,24.57,701
804,270,-3.78,-35.78,24.57,701
804,280,-3.78,-35.78,24.57,701
804,290,-3.78,-35.78,24.57,701
804,300,-3.78,-35.78,24.57,701
804,310,-3.78,-35.78,24.57,701
804,320,-3.78,-35.78,24.57,701
804,330,-3.78,-35.78,24.57,701
804,340,-3.78,-35.78,24.57,701
804,350,-3.78,-35.78,24.57,701
804,360,-3.78,-35.78,24.57,701
804,370,-3.78,-35.78,24.57,701
804,380,-3.78,-35.78,24.57,701
804,390,-3.78,-35.78,24.57,701
804,400,-3.78,-35.78,24.57,701
804,410,-3.78,-35.78,24.57,701
804,420,-3.78,-35.78,24.57,701
804,430,-3.78,-35.78,24.57,701
804,440,-3.78,-35.78,24.57,701
804,450,-3.78,-35.78,24.57,701
804,460,-3.78,-35.78,24.57,701
804,470,-3.78,-35.78,24.57,701
804,480,-3.78,-35.78,24.57,701
804,490,-3.78,-35.78,24.57,701
804,500,-3.78,-35.78,24.57,701
804,510,-3.78,-35.78,24.57,701
804,520,-3.78,-35.78,24.57,701
804,530,-3.78,-35.78,24.57,701
804,540,-3.78,-35.78,24.57,701
804,550,-3.78,-35.78,24.57,701
820,0,0,0,0,701
820,10,-9.15,-82.92,1.49,701
820,20,29.09,-59.07,3.98,701
820,30,7.54,-64.47,5.86,701
820,40,29.66,-56.51,9.17,701
833,0,0,0,0,701
833,10,11.01,54.63,-6.24,701
833,20,12.69,49.03,-11.83,701
833,30,-13,-129.06,17.8,701
833,40,-14.13,-127.86,22.4,701
833,50,-17.79,-123.87,23.61,701
833,60,-10.31,-113.08,26.93,701
833,70,-5.57,-99.39,30.16,701
833,80,-11.22,-90.89,34.06,701
833,90,-5.75,-78.98,41.41,701
833,100,-6.77,-74.57,44.53,701
833,110,-7.18,-68.43,50.22,701
833,120,-7.68,-63.97,56.58,701
833,130,-7.85,-63.07,60.94,701
833,140,-8.13,-62.05,64.99,701
833,150,-8.28,-62.67,69.16,701
833,160,-12.11,-60.22,72.86,701
833,170,-12.11,-60.22,72.86,701
833,180,-12.11,-60.22,72.86,701
833,190,-12.11,-60.22,72.86,701
833,200,-12.11,-60.22,72.86,701
833,210,-12.11,-60.22,72.86,701
833,220,-12.11,-60.22,72.86,701
833,230,-12.11,-60.22,72.86,701
833,240,-12.11,-60.22,72.86,701
833,250,-12.11,-60.22,72.86,701
833,260,-12.11,-60.22,72.86,701
833,270,-12.11,-60.22,72.86,701
833,280,-12.11,-60.22,72.86,701
833,290,-12.11,-60.22,72.86,701
833,300,-12.11,-60.22,72.86,701
833,310,-12.11,-60.22,72.86,701
833,320,-12.11,-60.22,72.86,701
833,330,-12.11,-60.22,72.86,701
833,340,-12.11,-60.22,72.86,701
833,350,-12.11,-60.22,72.86,701
833,360,-12.11,-60.22,72.86,701
833,370,-12.11,-60.22,72.86,701
833,380,-12.11,-60.22,72.86,701
833,390,-12.11,-60.22,72.86,701
833,400,-12.11,-60.22,72.86,701
833,410,-12.11,-60.22,72.86,701
833,420,-12.11,-60.22,72.86,701
833,430,-12.11,-60.22,72.86,701
833,440,-12.11,-60.22,72.86,701
833,450,-12.11,-60.22,72.86,701
833,460,-12.11,-60.22,72.86,701
833,470,-12.11,-60.22,72.86,701
833,480,-12.11,-60.22,72.86,701
833,490,-12.11,-60.22,72.86,701
833,500,-12.11,-60.22,72.86,701
833,510,-12.11,-60.22,72.86,701
833,520,-12.11,-60.22,72.86,701
833,530,-12.11,-60.22,72.86,701
833,540,-12.11,-60.22,72.86,701
833,550,-12.11,-60.22,72.86,701
901,0,0,0,0,701
901,10,-62.04,113.18,-9.69,701
901,20,65.74,-63.36,18.22,701
901,30,64.03,-60.57,27.2,701
901,40,62.68,-54.48,36.54,701
901,50,60.22,-53.3,43.67,701
901,60,56.42,-59.29,49.57,701
901,70,53.26,-59.88,56.37,701
901,80,49.9,-58.54,66.68,701
901,90,49.71,-60.3,75.24,701
903,0,0,0,0,701
903,10,-16.72,104.94,-4.54,701
904,0,0,0,0,701
904,10,-11.3,-22.01,-3.96,701
904,20,-11.35,-23.27,-8.41,701
907,0,0,0,0,701
907,10,17.96,-26.36,1.21,701
907,20,16.97,-22.76,2.38,701
907,30,-82.17,-49.63,5.51,701
907,40,85.52,-13.12,-11.74,701
907,50,72.12,-19.92,-36.15,701
907,60,-58.43,75.37,5.21,701
909,0,0,0,0,701
909,10,-17.64,68.72,18.15,701
909,20,21.17,-120.68,-35.19,701
909,30,-38.85,52.34,27.76,701
911,0,0,0,0,701
911,10,-56.08,56.38,6.08,701
911,20,48.54,-112.57,-13.75,701
911,30,-50.22,43.77,20.95,701
911,40,-47.17,19.1,26.28,701
911,50,-46,2.63,36.67,701
911,60,-43.02,-10.96,46.37,701
927,0,0,0,0,701
927,10,-33.39,-24.56,-12.43,701
927,20,-25.52,-25.24,-27.77,701
927,30,-24.4,-21.08,-35.55,701
927,40,-29.72,-9.29,-32.72,701
927,50,-17.94,-28.54,-69.4,701
927,60,-19.37,-14.81,-60.95,701
927,70,-22.24,-8.25,-57.89,701
927,80,-27.66,2.34,-54.54,701
927,90,-30.3,12.42,-56.04,701
1001,0,0,0,0,701
2007,0,0,0,0,701
2007,10,60.71,-18.56,1.42,701
2007,20,58.42,-17.29,3.06,701
2007,30,45.65,-39.46,6.71,701
2007,40,41.27,-39.71,10.71,701
2007,50,42.45,-6.85,10.39,701
2007,60,43.5,11.15,10.51,701
2007,70,38.8,19.45,12.42,701
2007,80,38.69,20.33,18.62,701
2007,90,38.31,31.32,24.97,701
2007,100,35.86,42.23,31.78,701
2007,110,38.44,43.9,37.33,701
2007,120,40.13,45.98,42.72,701
2007,130,40.17,44.11,45.63,701
2022,0,0,0,0,701
2022,10,80.89,22.85,2.57,701
2022,20,80.61,24.4,5.5,701
2022,30,77.35,12.46,8.6,701
2022,40,74.48,-1.08,12.56,701
2022,50,65.75,41.65,15.17,701
2022,60,66.17,0.39,19.34,701
2022,70,57.51,-20.86,25.61,701
2022,80,54.07,-11.18,30.97,701
2022,90,52.52,3.54,35.91,701
2022,100,49.56,18.25,40.94,701
2022,110,49.7,21.93,46.47,701
2022,120,49.7,25.54,51.75,701
2022,130,48.77,24.64,54.69,701
2030,0,0,0,0,701
2030,10,14.61,-57.68,10.45,701
2030,20,24.37,-52.68,14.49,701
2030,30,30.99,-47.96,18.38,701
2030,40,36.17,-44.18,22.48,701
2030,50,39.93,-41.56,26,701
2030,60,44.94,-41.69,28.29,701
2030,70,47.22,-41.07,30.84,701
2030,80,48.74,-39.76,36.18,701
2030,90,47.27,-38.25,42.43,701
2030,100,45.52,-37.25,48.94,701
2030,110,44.14,-36.52,55.48,701
2030,120,43.42,-36.24,58.37,701
2030,130,42.24,-34.37,60.45,701
2030,140,42.13,-34.08,60.68,701
2030,150,42.13,-34.08,60.68,701
2030,160,42.13,-34.08,60.68,701
2030,170,42.13,-34.08,60.68,701
2030,180,42.13,-34.08,60.68,701
2030,190,42.13,-34.08,60.68,701
2030,200,42.13,-34.08,60.68,701
2030,210,42.13,-34.08,60.68,701
2030,220,42.13,-34.08,60.68,701
2030,230,42.13,-34.08,60.68,701
2030,240,42.13,-34.08,60.68,701
2030,250,42.13,-34.08,60.68,701
2030,260,42.13,-34.08,60.68,701
2030,270,42.13,-34.08,60.68,701
2030,280,42.13,-34.08,60.68,701
2030,290,42.13,-34.08,60.68,701
2030,300,42.13,-34.08,60.68,701
2030,310,42.13,-34.08,60.68,701
2030,320,42.13,-34.08,60.68,701
2030,330,42.13,-34.08,60.68,701
2030,340,42.13,-34.08,60.68,701
2030,350,42.13,-34.08,60.68,701
2030,360,42.13,-34.08,60.68,701
2030,370,42.13,-34.08,60.68,701
2030,380,42.13,-34.08,60.68,701
2030,390,42.13,-34.08,60.68,701
2030,400,42.13,-34.08,60.68,701
2030,410,42.13,-34.08,60.68,701
2030,420,42.13,-34.08,60.68,701
2030,430,42.13,-34.08,60.68,701
2030,440,42.13,-34.08,60.68,701
2030,450,42.13,-34.08,60.68,701
2030,460,42.13,-34.08,60.68,701
2030,470,42.13,-34.08,60.68,701
2030,480,42.13,-34.08,60.68,701
2030,490,42.13,-34.08,60.68,701
2030,500,42.13,-34.08,60.68,701
2030,510,42.13,-34.08,60.68,701
2030,520,42.13,-34.08,60.68,701
2030,530,42.13,-34.08,60.68,701
2030,540,42.13,-34.08,60.68,701
2030,550,42.13,-34.08,60.68,701
2031,0,0,0,0,701
2031,10,-3.01,87.2,11.18,701
2031,20,16.99,-56.92,12.67,701
2031,30,13.15,-66.12,35.48,701
2031,40,16.28,-56.82,28.29,701
2031,50,16.51,-49.3,26.31,701
2031,60,17.75,-46.32,25.16,701
2031,70,17.88,-41.22,25.78,701
2031,80,21.38,-31.69,30.03,701
2031,90,25.1,-19.56,32.47,701
2031,100,27.17,-5.61,34.77,701
2031,110,30.1,0.1,38.71,701
2031,120,32.46,4.45,43.21,701
2031,130,31.59,4.6,46.2,701
2035,0,0,0,0,701
2035,10,44.57,-55.79,1.37,701
2035,20,18.27,73.08,4.38,701
2035,30,6.29,79.22,10.48,701
2035,40,-0.55,82.89,21.19,701
2035,50,0.06,85.99,28.23,701
2035,60,5.71,89.99,28.57,701
2035,70,-12.37,-89.49,-28.47,701
2035,80,23.09,88.32,28.86,701
2035,90,35.13,83.92,30.79,701
2035,100,44.88,75.49,33.97,701
2035,110,52.3,69.53,38.93,701
2035,120,57.17,63.56,44.29,701
2035,130,55.29,64.94,47.27,701
2035,140,53.12,69.89,48.88,701
2035,150,50.87,74.52,50.41,701
2035,160,48.94,74.87,52.97,701
2035,170,49.96,75.08,54.54,701
2035,180,51.37,72.3,56.21,701
2035,190,52.94,69.49,58.14,701
2035,200,53.81,68.03,59.42,701
2035,210,53.81,68.03,59.42,701
2035,220,53.81,68.03,59.42,701
2035,230,53.81,68.03,59.42,701
2035,240,53.81,68.03,59.42,701
2035,250,53.81,68.03,59.42,701
2035,260,53.81,68.03,59.42,701
2035,270,53.81,68.03,59.42,701
2035,280,53.81,68.03,59.42,701
2035,290,53.81,68.03,59.42,701
2035,300,53.81,68.03,59.42,701
2035,310,53.81,68.03,59.42,701
2035,320,53.81,68.03,59.42,701
2040,0,0,0,0,701
2040,10,58.27,-24.31,1.43,701
2040,20,41.2,52.92,2.84,701
2040,30,17.35,69.15,7.03,701
2040,40,4.47,78.74,15.8,701
2040,50,5.46,82.58,21.14,701
2040,60,13.09,87.44,21.77,701
2040,70,21.67,87.53,22.16,701
2040,80,34.4,83.47,23.57,701
2040,90,39.5,79.79,28.99,701
2040,100,37.57,78.12,36.99,701
2040,110,40.83,76.28,42.27,701
2040,120,42.97,75.34,47.63,701
2040,130,44,72.18,49.94,701
2047,0,0,0,0,701
2047,10,48.15,-48.56,1.94,701
2047,20,45.64,-47.93,4.23,701
2047,30,38.36,-49.07,8.55,701
2047,40,35.72,-23.5,8.54,701
2047,50,38.49,-22.74,10.06,701
2047,60,54.83,-22.58,11.56,701
2047,70,59.72,-24.3,14.65,701
2047,80,54.53,-7.4,20.01,701
2047,90,52.42,12.83,25.31,701
2047,100,48.27,30.18,31.07,701
2047,110,48.86,33.08,36.76,701
2047,120,49.18,36.15,42.21,701
2047,130,48.33,34.38,45.12,701
3089,0,0,0,0,701
3089,10,49.71,15.46,-5.08,701
3089,20,48.73,14.63,-8.26,701
3089,30,48.73,14.63,-8.26,701
3089,40,48.73,14.63,-8.26,701
3089,50,48.73,14.63,-8.26,701
3089,60,48.73,14.63,-8.26,701
3089,70,48.73,14.63,-8.26,701
3089,80,48.73,14.63,-8.26,701
3089,90,48.73,14.63,-8.26,701
3089,100,48.73,14.63,-8.26,701
3089,110,48.73,14.63,-8.26,701
3089,120,48.73,14.63,-8.26,701
3089,130,48.73,14.63,-8.26,701
3089,140,48.73,14.63,-8.26,701
3089,150,48.73,14.63,-8.26,701
3089,160,48.73,14.63,-8.26,701
3089,170,48.73,14.63,-8.26,701
3089,180,48.73,14.63,-8.26,701
3089,190,48.73,14.63,-8.26,701
3089,200,48.73,14.63,-8.26,701
3089,210,48.73,14.63,-8.26,701
3089,220,48.73,14.63,-8.26,701
3089,230,48.73,14.63,-8.26,701
3089,240,48.73,14.63,-8.26,701
3089,250,48.73,14.63,-8.26,701
3089,260,48.73,14.63,-8.26,701
3089,270,48.73,14.63,-8.26,701
3089,280,48.73,14.63,-8.26,701
3089,290,48.73,14.63,-8.26,701
3089,300,48.73,14.63,-8.26,701
3089,310,48.73,14.63,-8.26,701
3089,320,48.73,14.63,-8.26,701
3089,330,48.73,14.63,-8.26,701
3089,340,48.73,14.63,-8.26,701
3089,350,48.73,14.63,-8.26,701
3089,360,48.73,14.63,-8.26,701
3089,370,48.73,14.63,-8.26,701
3089,380,48.73,14.63,-8.26,701
3089,390,48.73,14.63,-8.26,701
3089,400,48.73,14.63,-8.26,701
3089,410,48.73,14.63,-8.26,701
3089,420,48.73,14.63,-8.26,701
3089,430,48.73,14.63,-8.26,701
3089,440,48.73,14.63,-8.26,701
3089,450,48.73,14.63,-8.26,701
3089,460,48.73,14.63,-8.26,701
3089,470,48.73,14.63,-8.26,701
3089,480,48.73,14.63,-8.26,701
3089,490,48.73,14.63,-8.26,701
3089,500,48.73,14.63,-8.26,701
3089,510,48.73,14.63,-8.26,701
3089,520,48.73,14.63,-8.26,701
3089,530,48.73,14.63,-8.26,701
3089,540,48.73,14.63,-8.26,701
3089,550,48.73,14.63,-8.26,701
3046,0,0,0,0,701
3046,10,37.13,-13.44,0.51,701
3046,20,37.13,-13.44,0.51,701
3046,30,37.13,-13.44,0.51,701
3046,40,31.94,-45.15,0.23,701
3046,50,30.04,29.84,-0.51,701
3046,60,30.04,29.84,-0.51,701
3046,70,30.04,29.84,-0.51,701
3046,80,30.04,29.84,-0.51,701
3046,90,30.04,29.84,-0.51,701
3046,100,30.04,29.84,-0.51,701
3046,110,30.04,29.84,-0.51,701
3046,120,30.04,29.84,-0.51,701
3046,130,34.84,24.61,1.49,701
3046,140,34.61,24.88,1.83,701
3046,150,34.61,24.88,1.83,701
3046,160,34.61,24.88,1.83,701
3046,170,34.61,24.88,1.83,701
3046,180,34.61,24.88,1.83,701
3046,190,34.61,24.88,1.83,701
3046,200,34.61,24.88,1.83,701
3046,210,34.61,24.88,1.83,701
3046,220,34.61,24.88,1.83,701
3046,230,34.61,24.88,1.83,701
3046,240,34.61,24.88,1.83,701
3046,250,34.61,24.88,1.83,701
3046,260,34.61,24.88,1.83,701
3046,270,34.61,24.88,1.83,701
3046,280,34.61,24.88,1.83,701
3046,290,34.61,24.88,1.83,701
3046,300,34.61,24.88,1.83,701
3046,310,34.61,24.88,1.83,701
3046,320,34.61,24.88,1.83,701
3046,330,34.61,24.88,1.83,701
3046,340,34.61,24.88,1.83,701
3046,350,34.61,24.88,1.83,701
3046,360,34.61,24.88,1.83,701
3046,370,34.61,24.88,1.83,701
3046,380,34.61,24.88,1.83,701
3046,390,34.61,24.88,1.83,701
3046,400,34.61,24.88,1.83,701
3046,410,34.61,24.88,1.83,701
3046,420,34.61,24.88,1.83,701
3046,430,34.61,24.88,1.83,701
3046,440,34.61,24.88,1.83,701
3046,450,34.61,24.88,1.83,701
3046,460,34.61,24.88,1.83,701
3046,470,34.61,24.88,1.83,701
3046,480,34.61,24.88,1.83,701
3046,490,34.61,24.88,1.83,701
3046,500,34.61,24.88,1.83,701
3046,510,34.61,24.88,1.83,701
3046,520,34.61,24.88,1.83,701
3046,530,34.61,24.88,1.83,701
3046,540,34.61,24.88,1.83,701
3046,550,34.61,24.88,1.83,701
3047,0,0,0,0,701
3047,10,0,0,0,701
3047,20,0,0,0,701
3047,30,0,0,0,701
3047,40,35.61,9.18,-0.32,701
3047,50,35.61,9.18,-0.97,701
3047,60,35.61,9.18,-0.97,701
3047,70,35.61,9.18,-0.97,701
3047,80,35.61,9.18,-0.97,701
3047,90,35.61,9.18,-0.97,701
3047,100,35.61,9.18,-0.97,701
3047,110,35.61,9.18,-0.97,701
3047,120,35.61,9.18,-0.97,701
3047,130,30.28,40.2,1.08,701
3047,140,31.25,36.93,1.42,701
3047,150,31.25,36.93,1.42,701
3047,160,31.25,36.93,1.42,701
3047,170,31.25,36.93,1.42,701
3047,180,31.25,36.93,1.42,701
3047,190,31.25,36.93,1.42,701
3047,200,31.25,36.93,1.42,701
3047,210,31.25,36.93,1.42,701
3047,220,31.25,36.93,1.42,701
3047,230,31.25,36.93,1.42,701
3047,240,31.25,36.93,1.42,701
3047,250,31.25,36.93,1.42,701
3047,260,31.25,36.93,1.42,701
3047,270,31.25,36.93,1.42,701
3047,280,31.25,36.93,1.42,701
3047,290,31.25,36.93,1.42,701
3047,300,31.25,36.93,1.42,701
3047,310,31.25,36.93,1.42,701
3047,320,31.25,36.93,1.42,701
3047,330,31.25,36.93,1.42,701
3047,340,31.25,36.93,1.42,701
3047,350,31.25,36.93,1.42,701
3047,360,31.25,36.93,1.42,701
3047,370,31.25,36.93,1.42,701
3047,380,31.25,36.93,1.42,701
3047,390,31.25,36.93,1.42,701
3047,400,31.25,36.93,1.42,701
3047,410,31.25,36.93,1.42,701
3047,420,31.25,36.93,1.42,701
3047,430,31.25,36.93,1.42,701
3047,440,31.25,36.93,1.42,701
3047,450,31.25,36.93,1.42,701
3047,460,31.25,36.93,1.42,701
3047,470,31.25,36.93,1.42,701
3047,480,31.25,36.93,1.42,701
3047,490,31.25,36.93,1.42,701
3047,500,31.25,36.93,1.42,701
3047,510,31.25,36.93,1.42,701
3047,520,31.25,36.93,1.42,701
3047,530,31.25,36.93,1.42,701
3047,540,31.25,36.93,1.42,701
3047,550,31.25,36.93,1.42,701
7079,0,0,0,0,701
7079,10,48.8,67.44,2.74,701
7079,20,50.79,67.18,5.83,701
7079,30,53.89,51.37,7.47,701
7079,40,54.18,26.11,9.6,701
7079,50,52.34,14.66,11.69,701
7079,60,51.7,9.26,13.44,701
7079,70,50.78,6.65,15.18,701
7079,80,50.45,3.63,17.84,701
7079,90,51.07,0.23,23.89,701
7079,100,49.37,-2.88,30.59,701
7079,110,50.21,-1.85,36.83,701
7079,120,50.5,-1.86,43.19,701
7079,130,50.12,0.56,47.54,701
7079,140,50.95,2.32,49.28,701
7079,150,51.24,2.21,52.21,701
7079,160,53.42,5,55.86,701
7079,170,54.73,5.45,60.22,701
7079,180,54.19,4.1,64.09,701
7079,190,53.56,3.07,67.66,701
7079,200,52.83,4.87,65.83,701
7079,210,51.98,6.57,63.48,701
7079,220,51.45,7.51,62.02,701
7079,230,51.24,7.85,61.51,701
7079,240,51.03,8.19,61.02,701
7079,250,51.03,8.19,61.02,701
7079,260,51.03,8.19,61.02,701
7079,270,51.03,8.19,61.02,701
7079,280,51.03,8.19,61.02,701
