Plate-ID,Age,lat,lon,rot
101,0,0,0,0
101,10,80.89,22.85,2.57
101,20,80.61,24.4,5.5
101,30,77.35,12.46,8.6
101,40,74.48,-1.08,12.56
101,50,75.92,-3.53,16.24
101,60,81.61,5.12,19.13
101,70,81.63,-6.51,22.37
101,80,78.24,-18.76,27.5
101,90,74.27,-22.7,33.92
101,100,69.42,-23.52,40.46
101,110,67.51,-22.12,47.52
101,120,66.01,-20.57,54.23
101,130,64.82,-17.42,59.16
101,140,65.11,-16.4,61.83
101,150,65.08,-16.12,64.94
101,160,65.84,-13.76,68.38
101,170,65.87,-12.79,72.35
101,180,64.76,-13.44,74.95
101,190,63.71,-14.01,77.58
101,200,63.2,-14.13,79.22
102,0,0,0,0
102,10,80.89,22.85,2.57
102,20,80.61,24.4,5.5
102,30,77.35,12.46,8.6
102,40,72.57,9.52,11.48
102,50,71.01,20.73,14.15
102,60,71.85,30.54,17.54
102,70,69.82,29,17.88
102,80,67.64,21,19.81
102,90,65.57,11.22,24.3
102,100,61.96,2.54,30.43
102,110,61.23,0.57,37.11
102,120,60.56,-0.04,43.51
102,130,59.75,1.59,48.54
102,140,60.47,2.23,51.18
102,150,60.92,1.95,54.27
102,160,62.07,4.11,57.67
102,170,62.55,4.51,61.62
102,180,61.67,3.02,64.33
102,190,60.83,1.72,67.05
102,200,60.45,1.23,68.75
103,0,0,0,0
103,10,80.89,22.85,2.57
103,20,80.61,24.4,5.5
103,30,77.35,12.46,8.6
103,40,74.48,-1.08,12.56
103,50,75.92,-3.53,16.24
103,60,81.61,5.12,19.13
103,70,81.63,-6.51,22.37
103,80,78.24,-18.76,27.5
103,90,74.27,-22.7,33.92
103,100,69.42,-23.52,40.46
103,110,67.51,-22.12,47.52
103,120,66.01,-20.57,54.23
103,130,64.35,-14.23,57.74
103,140,60.56,2.73,53.22
103,150,44.55,25.26,44.84
103,160,47.05,27.12,47.81
103,170,49.05,27.3,51.42
103,180,49.19,25.47,54.17
103,190,49.3,23.81,56.94
103,200,49.44,23.09,58.64
104,0,0,0,0
104,10,80.89,22.85,2.57
104,20,80.61,24.4,5.5
104,30,77.35,12.46,8.6
104,40,74.48,-1.08,12.56
104,50,75.92,-3.53,16.24
104,60,81.61,5.12,19.13
104,70,81.63,-6.51,22.37
104,80,78.24,-18.76,27.5
104,90,74.27,-22.7,33.92
104,100,69.42,-23.52,40.46
104,110,67.51,-22.12,47.52
104,120,66.01,-20.57,54.23
104,130,64.82,-17.42,59.16
104,140,65.11,-16.4,61.83
104,150,65.08,-16.12,64.94
104,160,66.08,-14.16,67.84
104,170,66.42,-13.72,71.06
104,180,65.26,-14.33,73.65
104,190,64.17,-14.85,76.27
104,200,63.63,-14.94,77.91
105,0,0,0,0
105,10,66.2,-46.67,7.89
105,20,71.36,-37.57,10.66
105,30,71.75,-28.28,13.73
105,40,70.49,-25.04,17.74
105,50,72.09,-23.75,21.41
105,60,77.19,-22.57,24.16
105,70,77.27,-25.86,27.43
105,80,74.77,-28.31,32.68
105,90,71.75,-28.45,39.19
105,100,67.71,-27.67,45.8
113,0,0,0,0
113,10,80.89,22.85,2.57
113,20,80.61,24.4,5.5
113,30,77.35,12.46,8.6
113,40,74.48,-1.08,12.56
113,50,75.92,-3.53,16.24
113,60,81.61,5.12,19.13
113,70,81.63,-6.51,22.37
113,80,78.24,-18.76,27.5
113,90,74.27,-22.7,33.92
113,100,69.42,-23.52,40.46
113,110,67.51,-22.12,47.52
113,120,66.01,-20.57,54.23
113,130,66.96,-20.5,62.48
113,140,69.35,-14.78,67.17
113,150,63.62,8.84,60.13
113,160,64.5,10.81,63.6
113,170,64.89,10.8,67.57
113,180,64.16,8.71,70.21
113,190,63.45,6.85,72.87
113,200,63.12,6.06,74.54
119,0,0,0,0
119,10,80.89,22.85,2.57
119,20,80.61,24.4,5.5
119,30,77.35,12.46,8.6
119,40,74.48,-1.08,12.56
119,50,75.92,-3.53,16.24
119,60,81.61,5.12,19.13
119,70,81.63,-6.51,22.37
119,80,78.24,-18.76,27.5
119,90,74.27,-22.7,33.92
119,100,69.42,-23.52,40.46
119,110,67.51,-22.12,47.52
119,120,65.36,-16.64,53.14
119,130,59.51,2.64,53.56
119,140,53.43,16.49,52.85
119,150,51.47,20.57,54.81
201,0,0,0,0
201,10,61.89,-40.34,3.3
201,20,58.54,-37.11,7.48
201,30,56.68,-34.55,11.94
201,40,57.07,-32.57,16.56
201,50,58.18,-31.17,20.48
201,60,62.49,-32.81,23.31
201,70,63.53,-33.44,26.08
201,80,62.69,-34.34,31.5
201,90,58.97,-34.53,37.47
201,100,55.49,-34.8,43.69
201,110,52.85,-34.97,50.02
201,120,51.65,-35,52.81
201,130,50.14,-32.85,54.85
201,140,50,-32.5,55.08
201,150,50,-32.5,55.08
201,160,50,-32.5,55.08
201,170,50,-32.5,55.08
201,180,50,-32.5,55.08
201,190,50,-32.5,55.08
201,200,50,-32.5,55.08
202,0,0.00,0.00,0.00
202,10,61.89,-40.34,3.30
202,20,58.54,-37.11,7.48
202,30,56.68,-34.55,11.94
202,40,57.07,-32.57,16.56
202,50,58.18,-31.17,20.48
202,60,62.49,-32.81,23.31
202,70,63.53,-33.44,26.08
202,80,62.69,-34.34,31.50
202,90,58.97,-34.53,37.47
202,100,55.49,-34.80,43.69
202,110,52.85,-34.97,50.02
202,120,51.65,-35.00,52.81
202,130,48.47,-33.36,55.45
202,140,47.50,-33.30,56.09
202,150,47.50,-33.30,56.20
202,160,47.50,-33.30,56.20
202,170,47.50,-33.30,56.20
202,180,47.50,-33.30,56.20
202,190,47.50,-33.30,56.20
202,200,47.50,-33.30,56.20
205,0,0,0,0
205,10,80.89,22.85,2.57
205,20,80.61,24.4,5.5
205,30,77.35,12.46,8.6
205,40,74.48,-1.08,12.56
205,50,75.92,-3.53,16.24
205,60,81.61,5.12,19.13
205,70,81.63,-6.51,22.37
205,80,78.24,-18.76,27.5
205,90,74.27,-22.7,33.92
205,100,69.42,-23.52,40.46
205,110,67.51,-22.12,47.52
205,120,66.01,-20.57,54.23
205,130,64.82,-17.42,59.16
205,140,65.11,-16.4,61.83
205,150,71.53,25.99,57.65
205,160,65.28,75.36,58.63
205,170,48.96,101.23,65.27
205,180,46.49,105.03,68.51
205,190,46.49,105.03,68.51
205,200,46.49,105.03,68.51
276,0,0,0,0
276,10,-6.55,-50.23,1.07
277,0,0,0,0
277,10,61.83,-40.34,3.3
277,20,58.54,-37.11,7.48
277,30,56.68,-34.55,11.94
277,40,57.07,-32.57,16.56
291,0,0.00,0.00,0.00
291,10,61.89,-40.34,3.30
291,20,58.54,-37.11,7.48
291,30,56.68,-34.55,11.94
291,40,57.07,-32.57,16.56
291,50,58.18,-31.17,20.48
291,60,62.49,-32.81,23.31
291,70,63.53,-33.44,26.08
291,80,62.69,-34.34,31.50
291,90,58.97,-34.53,37.47
291,100,55.49,-34.80,43.69
291,110,52.85,-34.97,50.02
291,120,51.65,-35.00,52.81
291,130,48.46,-33.36,56.11
291,140,47.50,-33.30,57.14
291,150,47.50,-33.30,57.30
291,160,47.50,-33.30,57.30
291,170,47.50,-33.30,57.30
291,180,47.50,-33.30,57.30
291,190,47.50,-33.30,57.30
291,200,47.50,-33.30,57.30
301,0,0,0,0
301,10,17.95,-26.36,1.21
301,20,16.97,-22.76,2.38
301,30,24.93,-19.44,4.3
301,40,28.78,-18.49,7.46
301,50,30.71,-16.73,10.02
301,60,34.75,-15.72,12.58
301,70,35.35,-16.08,14.9
301,80,36.37,-15.39,17.33
301,90,39.57,-13.72,22.57
301,100,39.71,-12.19,29
301,110,41.94,-9.57,35.23
301,120,43.43,-7.16,41.03
301,130,44.44,-4.49,45.99
301,140,45.92,-3.45,48.36
301,150,47.02,-2.83,51.24
301,160,48.86,-0.34,54.08
301,170,49.98,1.03,57.7
301,180,49.44,0.36,60.6
301,190,48.94,-0.23,63.51
301,200,47.9,0.98,62.68
304,0,0,0,0
304,10,17.95,-26.36,1.21
304,20,16.73,-22.81,2.34
304,30,22.89,-19.49,3.32
304,40,31.01,-14.55,6.26
304,50,31.22,-15.22,6.84
304,60,36.63,-14.67,7.93
304,70,34.72,-17.42,8.48
304,80,34.43,-17.78,9.24
304,90,38.82,-17.13,12.2
304,100,39.08,-13.81,17.76
304,110,42.63,-10.08,23.13
304,120,-9.15,-32.08,0.26
304,130,62.8,-23.45,-2.5
304,140,34.65,-68.34,-0.71
304,150,-9.33,49.67,0.53
304,160,54.9,-0.05,6.66
304,170,52.67,-4.16,13.89
304,180,52.67,-4.16,13.89
304,190,52.67,-4.16,13.89
304,200,52.67,-4.16,13.89
317,0,0,0,0
317,10,12.14,-27.17,1.27
317,20,17.54,-19.57,2.43
317,30,26.69,-17.2,4.64
317,40,31.33,-17.33,8.33
317,50,32.85,-16.92,11.15
317,60,32.56,-15.86,11.21
317,70,33.4,-15.87,12.88
317,80,36.22,-14.52,16.98
317,90,40.07,-13.28,22.97
317,100,40.23,-12.05,29.85
317,110,42.31,-9.51,36.1
317,120,43.71,-7.14,41.91
317,130,44.65,-4.53,46.87
317,140,46.1,-3.48,49.25
317,150,47.26,-3,52.19
317,160,49.22,-0.81,55.15
387,0,0,0,0
387,10,-31.94,83.04,-20.68
387,20,41.03,-84.05,24.14
409,0,0,0,0
409,10,80.89,22.85,2.57
409,20,80.61,24.4,5.5
409,30,77.35,12.46,8.6
409,40,74.48,-1.08,12.56
409,50,75.92,-3.53,16.24
409,60,71.61,5.12,19.13
409,70,81.42,-4.97,21.82
409,80,77.86,-10.8,23.79
409,90,72.93,-14.05,28.66
409,100,67.13,-15.18,34.29
409,110,64.81,-13.35,40.55
409,120,63.25,-11.4,46.4
409,130,62.22,-8.82,51.44
409,140,62.73,-7.94,54.1
409,150,62.84,-7.7,57.14
409,160,63.72,-4.98,60.42
409,170,63.87,-3.86,64.24
409,180,62.78,-5.15,66.9
409,190,61.74,-6.27,69.58
409,200,60.99,-4.55,68.6
501,0,0,0,0
501,10,24.99,32.96,-3.91
501,20,26.48,32.16,-8.32
501,30,21.71,41.75,-14.19
501,40,20.65,45.08,-19.53
501,50,20.31,39.91,-24.76
501,60,16.15,31.51,-37.18
501,70,19.05,23.05,-45.6
501,80,21.13,21.18,-51.24
501,90,20.04,27.46,-58.77
501,100,21.28,28.85,-56.82
501,110,22.59,30.35,-54.92
501,120,23.96,31.97,-53.08
501,130,21.38,36.37,-60.03
501,140,22.1,37.69,-61.45
501,150,24.29,40.59,-62.84
501,160,29.93,42.29,-60.47
501,170,29.93,42.29,-60.47
501,180,29.93,42.29,-60.47
501,190,29.93,42.29,-60.47
501,200,29.93,42.29,-60.47
503,0,0,0,0
503,10,36.5,18,-3.29
503,20,36.5,18,-4.68
503,30,35.59,20.76,-7.42
503,40,35.3,21.6,-8.52
503,50,35.3,21.6,-8.52
503,60,35.3,21.6,-8.52
503,70,35.3,21.6,-8.52
503,80,35.3,21.6,-8.52
503,90,35.3,21.6,-8.52
503,100,35.3,21.6,-8.52
503,110,35.3,21.6,-8.52
503,120,35.3,21.6,-8.52
503,130,35.3,21.6,-8.52
503,140,35.3,21.6,-8.52
503,150,35.3,21.6,-8.52
503,160,35.3,21.6,-8.52
503,170,35.3,21.6,-8.52
503,180,35.3,21.6,-8.52
503,190,35.3,21.6,-8.52
503,200,35.3,21.6,-8.52
508,0,0.00,0.00,0.00
508,10,0.00,0.00,0.00
508,20,36.79,31.31,-1.81
508,30,36.79,31.31,-3.48
508,40,36.79,31.31,-3.62
508,50,36.79,31.31,-3.62
508,60,36.79,31.31,-3.62
508,70,36.79,31.31,-3.62
508,80,36.79,31.31,-3.62
508,90,36.79,31.31,-3.62
508,100,36.79,31.31,-3.62
508,110,36.79,31.31,-3.62
508,120,36.79,31.31,-3.62
508,130,36.79,31.31,-3.62
508,140,36.79,31.31,-3.62
508,150,36.79,31.31,-3.62
508,160,36.79,31.31,-3.62
508,170,36.79,31.31,-3.62
508,180,36.79,31.31,-3.62
508,190,36.79,31.31,-3.62
508,200,36.79,31.31,-3.62
511,0,0,0,0
511,10,12.33,52.87,-6.08
511,20,14.8,47.62,-11.65
511,30,13.68,49.94,-17.84
511,40,17.25,49.39,-22.38
511,50,17.56,40.99,-27.74
511,60,15.75,31.5,-37.89
511,70,16.57,24.11,-47.45
511,80,18.28,22.79,-52.07
511,90,16.39,30.3,-62.54
511,100,17.53,31.7,-60.65
514,0,0,0,0
514,10,5.5,-47.13,1.73
514,20,9.17,-47.15,2.96
514,30,11.45,-44.8,5.1
514,40,13.07,-43.6,7.22
514,50,8.77,-40.71,9.47
514,60,7.69,-46.1,11.2
514,70,-0.39,-42.84,12.47
514,80,-2.83,-37.27,16.32
514,90,1.3,-37.06,22.5
514,100,-3.11,-33.53,27.03
514,110,-7.42,-29.3,34.14
514,120,-10.25,-26.48,41.48
514,130,-6.65,-34.73,40.47
601,0,0,0,0
601,10,17.95,-26.36,1.21
601,20,16.97,-22.76,2.38
601,30,24.93,-19.44,4.3
601,40,28.78,-18.49,7.46
601,50,30.71,-16.73,10.02
601,60,34.75,-15.72,12.58
601,70,35.35,-16.08,14.9
601,80,36.37,-15.39,17.33
601,90,39.57,-13.72,22.57
601,100,39.71,-12.19,29
601,110,41.94,-9.57,35.23
601,120,43.43,-7.16,41.03
601,130,44.44,-4.49,45.99
601,140,45.92,-3.45,48.36
608,0,0,0,0
608,10,-33.39,-24.56,-12.43
608,20,-25.52,-25.24,-27.77
608,30,-24.4,-21.08,-35.55
608,40,-28.34,-18.81,-34.13
608,50,-14.63,-36.58,-76.7
608,60,-15.89,-31.3,-72.01
608,70,-18.75,-26.7,-67.73
608,80,-24.41,-19.34,-62.46
608,90,-27.72,-10.78,-61.66
610,0,0,0,0
610,10,-33.39,-24.56,-12.43
610,20,-24.07,-20.09,-26.56
610,30,-16.48,-5.73,-26.15
610,40,-21.87,10.9,-24.33
610,50,-15.28,-21.26,-59.43
611,0,0,0,0
611,10,-33.39,-24.56,-12.43
611,20,-25.52,-25.24,-27.77
611,30,-24.4,-21.08,-35.55
611,40,-29.72,-9.29,-32.72
611,50,-17.94,-28.54,-69.4
653,0,0,0,0
653,10,30.31,-73.61,8.95
653,20,-50.25,54.73,-12.36
653,30,-41.03,4.18,-20.55
653,40,-41.32,-3.73,-23.14
688,0,0,0,0
688,10,30.31,-73.61,8.95
688,20,-50.25,54.73,-12.36
688,30,-39.59,-8.16,-20.67
688,40,-30.01,-31.45,-26.55
699,0,0,0,0
699,10,-33.51,79.71,-3.92
699,20,-26.08,-2.47,-15.36
699,30,-13.23,19.12,-17.32
699,40,-18.61,43.24,-18.51
699,50,-15.58,-15.55,-47.92
701,0,0,0,0
701,10,0,0,0
701,20,0,0,0
701,30,0,0,0
701,40,0,0,0
701,50,0,0,0
701,60,0,0,0
701,70,0,0,0
701,80,0,0,0
701,90,0,0,0
701,100,0,0,0
701,110,0,0,0
701,120,0,0,0
701,130,0,0,0
701,140,0,0,0
701,150,0,0,0
701,160,0,0,0
701,170,0,0,0
701,180,0,0,0
701,190,0,0,0
701,200,0,0,0
702,0,0,0,0
702,10,0,0,0
702,20,0,0,0
702,30,0,0,0
702,40,0,0,0
702,50,0,0,0
702,60,0,0,0
702,70,0,0,0
702,80,0,0,0
702,90,0,0,0
702,100,0,0,0
702,110,0,0,0
702,120,0,0,0
702,130,2.57,-63.33,3.86
702,140,0.65,-55.35,7.42
702,150,-4.61,-59.81,11.09
702,160,-14.73,-42.38,15.64
702,170,-14.73,-42.38,15.64
702,180,-14.73,-42.38,15.64
702,190,-14.73,-42.38,15.64
702,200,-14.73,-42.38,15.64
704,0,0,0,0
704,10,0,0,0
704,20,0,0,0
704,30,0,0,0
704,40,0,0,0
704,50,0,0,0
704,60,0,0,0
704,70,3.88,30.72,-14.2
704,80,2.03,39.21,-24.22
704,90,1.69,40.73,-27.79
704,100,1.69,40.73,-27.79
704,110,1.69,40.73,-27.79
704,120,1.69,40.73,-27.79
704,130,-3.08,-131.88,28.96
704,140,-4.91,-124.96,29.49
704,150,-7.84,-119.83,31.73
704,160,-15.99,-111.15,30.3
704,170,-15.99,-111.15,30.3
704,180,-15.99,-111.15,30.3
704,190,-15.99,-111.15,30.3
704,200,-15.99,-111.15,30.3
709,0,0.00,0.00,0.00
709,10,-14.98,-29.79,0.21
709,20,-9.90,-37.00,0.22
709,30,-9.90,-37.00,0.22
709,40,-9.90,-37.00,0.22
709,50,-9.90,-37.00,0.22
709,60,-9.90,-37.00,0.22
709,70,-9.90,-37.00,0.22
709,80,-9.90,-37.00,0.22
709,90,-9.90,-37.00,0.22
709,100,-9.90,-37.00,0.22
709,110,-9.90,-37.00,0.22
709,120,-9.90,-37.00,0.22
709,130,-9.90,-37.00,0.22
709,140,-9.90,-37.00,0.22
709,150,-9.90,-37.00,0.22
709,160,-9.90,-37.00,0.22
709,170,-9.90,-37.00,0.22
709,180,-9.90,-37.00,0.22
709,190,-9.90,-37.00,0.22
709,200,-9.90,-37.00,0.22
710,0,0.00,0.00,0.00
710,10,15.40,37.48,-7.29
710,20,15.40,37.48,-14.57
710,30,15.40,37.48,-18.42
710,40,15.40,37.48,-18.56
710,50,15.40,37.48,-18.56
710,60,15.40,37.48,-18.56
710,70,15.40,37.48,-18.56
710,80,15.40,37.48,-18.56
710,90,15.40,37.48,-18.56
710,100,15.40,37.48,-18.56
710,110,15.40,37.48,-18.56
710,120,15.40,37.48,-18.56
710,130,15.40,37.48,-18.56
710,140,15.40,37.48,-18.56
710,150,15.40,37.48,-18.56
710,160,15.40,37.48,-18.56
710,170,15.40,37.48,-18.56
710,180,15.40,37.48,-18.56
710,190,15.40,37.48,-18.56
710,200,15.40,37.48,-18.56
712,0,0.00,0.00,0.00
712,10,-17.80,37.10,0.83
712,20,-17.80,37.10,1.67
712,30,-17.80,37.10,2.50
712,40,-17.80,37.10,2.50
712,50,-17.80,37.10,2.50
712,60,-17.80,37.10,2.50
712,70,-17.80,37.10,2.50
712,80,-17.80,37.10,2.50
712,90,-17.80,37.10,2.50
712,100,-17.80,37.10,2.50
712,110,-17.80,37.10,2.50
712,120,-17.80,37.10,2.50
712,130,-17.80,37.10,2.50
712,140,-17.80,37.10,2.50
712,150,-17.80,37.10,2.50
712,160,-17.80,37.10,2.50
712,170,-17.80,37.10,2.50
712,180,-17.80,37.10,2.50
712,190,-17.80,37.10,2.50
712,200,-17.80,37.10,2.50
714,0,0.00,0.00,0.00
714,10,0.00,0.00,0.00
714,20,0.00,0.00,0.00
714,30,0.00,0.00,0.00
714,40,0.00,0.00,0.00
714,50,0.00,0.00,0.00
714,60,0.00,0.00,0.00
714,70,0.00,0.00,0.00
714,80,0.00,0.00,0.00
714,90,0.00,0.00,0.00
714,100,0.00,0.00,0.00
714,110,0.00,0.00,0.00
714,120,0.00,0.00,0.00
714,130,33.65,26.02,2.00
714,140,33.65,26.02,2.34
714,150,33.65,26.02,2.34
714,160,33.65,26.02,2.34
714,170,33.65,26.02,2.34
714,180,33.65,26.02,2.34
714,190,33.65,26.02,2.34
714,200,33.65,26.02,2.34
715,0,0.00,0.00,0.00
715,10,0.00,0.00,0.00
715,20,0.00,0.00,0.00
715,30,0.00,0.00,0.00
715,40,0.00,0.00,0.00
715,50,0.00,0.00,0.00
715,60,0.00,0.00,0.00
715,70,0.00,0.00,0.00
715,80,0.00,0.00,0.00
715,90,40.50,-61.40,-0.12
715,100,40.50,-61.40,-0.31
715,110,40.50,-61.40,-0.50
715,120,40.50,-31.40,-0.69
715,130,40.50,-61.40,-0.70
715,140,40.50,-61.40,-0.70
715,150,40.50,-61.40,-0.70
715,160,40.50,-61.40,-0.70
715,170,40.50,-61.40,-0.70
715,180,40.50,-61.40,-0.70
715,190,40.50,-61.40,-0.70
715,200,40.50,-61.40,-0.70
801,0,0,0,0
801,10,11.01,54.63,-6.24
801,20,12.69,49.03,-11.83
801,30,-13,-129.06,17.8
801,40,-14.13,-127.86,22.4
801,50,-17.79,-123.87,23.61
801,60,-14.2,-121.12,25.69
801,70,-17.78,-119.12,26.28
801,80,-20.6,-111.01,26.64
801,90,-17.85,-98.74,28.98
801,100,-18.46,-90.33,30.85
801,110,-17.38,-78.74,35
801,120,-16.43,-70.45,40.46
801,130,-15.93,-68.27,44.63
801,140,-15.66,-66.18,48.51
801,150,-15.52,-66.37,52.72
801,160,-19.57,-62.1,56.42
801,170,-19.57,-62.1,56.42
801,180,-19.57,-62.1,56.42
801,190,-19.57,-62.1,56.42
801,200,-19.57,-62.1,56.42
802,0,0,0,0
802,10,5.5,-47.13,1.73
802,20,9.17,-47.15,2.96
802,30,11.45,-44.8,5.1
802,40,13.07,-43.6,7.22
802,50,8.77,-40.71,9.47
802,60,7.69,-46.1,11.2
802,70,-0.39,-42.84,12.47
802,80,-2.83,-3.27,16.32
802,90,1.3,-37.06,22.5
802,100,-3.11,-33.53,27.03
802,110,-7.42,-29.3,34.14
802,120,-10.25,-26.48,41.48
802,130,-9.04,-28.54,45.5
802,140,-8,-29.93,49.47
802,150,-7.43,-32.88,52.81
802,160,-10.44,-31.26,58.4
802,170,-10.44,-31.26,58.4
802,180,-10.44,-31.26,58.4
802,190,-10.44,-31.26,58.4
802,200,-10.44,-31.26,58.4
804,0,0,0,0
804,10,5.5,-47.13,1.73
804,20,9.17,-47.15,2.96
804,30,9.77,-43.11,5.37
804,40,8.71,-39.47,8.28
804,50,5.08,-37.08,10.91
804,60,-1.88,-43.08,13.02
804,70,-8.74,-40.65,14.64
804,80,-9.17,-35.96,18.56
804,90,-3.78,-35.78,24.57
820,0,0,0,0
820,10,-9.15,-82.92,1.49
820,20,29.09,-59.07,3.98
820,30,7.54,-64.47,5.86
820,40,29.66,-56.51,9.17
833,0,0,0,0
833,10,11.01,54.63,-6.24
833,20,12.69,49.03,-11.83
833,30,-13,-129.06,17.8
833,40,-14.13,-127.86,22.4
833,50,-17.79,-123.87,23.61
833,60,-10.31,-113.08,26.93
833,70,-5.57,-99.39,30.16
833,80,-11.22,-90.89,34.06
833,90,-5.75,-78.98,41.41
833,100,-6.77,-74.57,44.53
833,110,-7.18,-68.43,50.22
833,120,-7.68,-63.97,56.58
833,130,-7.85,-63.07,60.94
833,140,-8.13,-62.05,64.99
833,150,-8.28,-62.67,69.16
833,160,-12.11,-60.22,72.86
833,170,-12.11,-60.22,72.86
833,180,-12.11,-60.22,72.86
833,190,-12.11,-60.22,72.86
833,200,-12.11,-60.22,72.86
901,0,0,0,0
901,10,-62.04,113.18,-9.69
901,20,65.74,-63.36,18.22
901,30,64.03,-60.57,27.2
901,40,62.68,-54.48,36.54
901,50,60.22,-53.3,43.67
901,60,56.42,-59.29,49.57
901,70,53.26,-59.88,56.37
901,80,49.9,-58.54,66.68
901,90,49.71,-60.3,75.24
903,0,0,0,0
903,10,-16.72,104.94,-4.54
904,0,0,0,0
904,10,-11.3,-22.01,-3.96
904,20,-11.35,-23.27,-8.41
907,0,0,0,0
907,10,17.96,-26.36,1.21
907,20,16.97,-22.76,2.38
907,30,-82.17,-49.63,5.51
907,40,85.52,-13.12,-11.74
907,50,72.12,-19.92,-36.15
907,60,-58.43,75.37,5.21
909,0,0,0,0
909,10,-17.64,68.72,18.15
909,20,21.17,-120.68,-35.19
909,30,-38.85,52.34,27.76
911,0,0,0,0
911,10,-56.08,56.38,6.08
911,20,48.54,-112.57,-13.75
911,30,-50.22,43.77,20.95
911,40,-47.17,19.1,26.28
911,50,-46,2.63,36.67
911,60,-43.02,-10.96,46.37
927,0,0,0,0
927,10,-33.39,-24.56,-12.43
927,20,-25.52,-25.24,-27.77
927,30,-24.4,-21.08,-35.55
927,40,-29.72,-9.29,-32.72
927,50,-17.94,-28.54,-69.4
927,60,-19.37,-14.81,-60.95
927,70,-22.24,-8.25,-57.89
927,80,-27.66,2.34,-54.54
927,90,-30.3,12.42,-56.04
1001,0,0,0,0
2007,0,0,0,0
2007,10,60.71,-18.56,1.42
2007,20,58.42,-17.29,3.06
2007,30,45.65,-39.46,6.71
2007,40,41.27,-39.71,10.71
2007,50,42.45,-6.85,10.39
2007,60,43.5,11.15,10.51
2007,70,38.8,19.45,12.42
2007,80,38.69,20.33,18.62
2007,90,38.31,31.32,24.97
2007,100,35.86,42.23,31.78
2007,110,38.44,43.9,37.33
2007,120,40.13,45.98,42.72
2007,130,40.17,44.11,45.63
2022,0,0,0,0
2022,10,80.89,22.85,2.57
2022,20,80.61,24.4,5.5
2022,30,77.35,12.46,8.6
2022,40,74.48,-1.08,12.56
2022,50,65.75,41.65,15.17
2022,60,66.17,0.39,19.34
2022,70,57.51,-20.86,25.61
2022,80,54.07,-11.18,30.97
2022,90,52.52,3.54,35.91
2022,100,49.56,18.25,40.94
2022,110,49.7,21.93,46.47
2022,120,49.7,25.54,51.75
2022,130,48.77,24.64,54.69
2030,0,0,0,0
2030,10,14.61,-57.68,10.45
2030,20,24.37,-52.68,14.49
2030,30,30.99,-47.96,18.38
2030,40,36.17,-44.18,22.48
2030,50,39.93,-41.56,26
2030,60,44.94,-41.69,28.29
2030,70,47.22,-41.07,30.84
2030,80,48.74,-39.76,36.18
2030,90,47.27,-38.25,42.43
2030,100,45.52,-37.25,48.94
2030,110,44.14,-36.52,55.48
2030,120,43.42,-36.24,58.37
2030,130,42.24,-34.37,60.45
2030,140,42.13,-34.08,60.68
2030,150,42.13,-34.08,60.68
2030,160,42.13,-34.08,60.68
2030,170,42.13,-34.08,60.68
2030,180,42.13,-34.08,60.68
2030,190,42.13,-34.08,60.68
2030,200,42.13,-34.08,60.68
2031,0,0,0,0
2031,10,14.61,-57.68,10.45
2031,20,24.37,-52.68,14.49
2031,30,30.99,-47.96,18.38
2031,40,36.17,-44.18,22.48
2031,50,39.93,-41.56,26
2031,60,44.94,-41.69,28.29
2031,70,47.22,-41.07,30.84
2031,80,40.36,-39.89,39.15
2031,90,39.03,-31.13,43.43
2031,100,40.31,-17.5,45.06
2031,110,41.68,-11.24,49.33
2031,120,42.69,-5.43,53.45
2031,130,41.68,-4.09,56.26
2035,0,0,0,0
2035,10,44.57,-55.79,1.37
2035,20,18.27,73.08,4.38
2035,30,6.29,79.22,10.48
2035,40,-0.55,82.89,21.19
2035,50,0.06,85.99,28.23
2035,60,5.71,89.99,28.57
2035,70,-12.37,-89.49,-28.47
2035,80,23.09,88.32,28.86
2035,90,35.13,83.92,30.79
2035,100,44.88,75.49,33.97
2035,110,52.3,69.53,38.93
2035,120,57.17,63.56,44.29
2035,130,55.29,64.94,47.27
2035,140,53.12,69.89,48.88
2035,150,50.87,74.52,50.41
2035,160,48.94,74.87,52.97
2035,170,49.96,75.08,54.54
2035,180,51.37,72.3,56.21
2035,190,52.94,69.49,58.14
2035,200,53.81,68.03,59.42
2040,0,0,0,0
2040,10,58.27,-24.31,1.43
2040,20,41.2,52.92,2.84
2040,30,17.35,69.15,7.03
2040,40,4.47,78.74,15.8
2040,50,5.46,82.58,21.14
2040,60,13.09,87.44,21.77
2040,70,21.67,87.53,22.16
2040,80,34.4,83.47,23.57
2040,90,39.5,79.79,28.99
2040,100,37.57,78.12,36.99
2040,110,40.83,76.28,42.27
2040,120,42.97,75.34,47.63
2040,130,44,72.18,49.94
2047,0,0,0,0
2047,10,48.15,-48.56,1.94
2047,20,45.64,-47.93,4.23
2047,30,38.36,-49.07,8.55
2047,40,35.72,-23.5,8.54
2047,50,38.49,-22.74,10.06
2047,60,54.83,-22.58,11.56
2047,70,59.72,-24.3,14.65
2047,80,54.53,-7.4,20.01
2047,90,52.42,12.83,25.31
2047,100,48.27,30.18,31.07
2047,110,48.86,33.08,36.76
2047,120,49.18,36.15,42.21
2047,130,48.33,34.38,45.12
3089,0,0.00,0.00,0.00
3089,10,49.71,15.46,-5.08
3089,20,48.73,14.63,-8.26
3089,30,48.73,14.63,-8.26
3089,40,48.73,14.63,-8.26
3089,50,48.73,14.63,-8.26
3089,60,48.73,14.63,-8.26
3089,70,48.73,14.63,-8.26
3089,80,48.73,14.63,-8.26
3089,90,48.73,14.63,-8.26
3089,100,48.73,14.63,-8.26
3089,110,48.73,14.63,-8.26
3089,120,48.73,14.63,-8.26
3089,130,48.73,14.63,-8.26
3089,140,48.73,14.63,-8.26
3089,150,48.73,14.63,-8.26
3089,160,48.73,14.63,-8.26
3089,170,48.73,14.63,-8.26
3089,180,48.73,14.63,-8.26
3089,190,48.73,14.63,-8.26
3089,200,48.73,14.63,-8.26
3546,0,0.00,0.00,0.00
3546,10,37.13,-13.44,0.51
3546,20,37.13,-13.44,0.51
3546,30,37.13,-13.44,0.51
3546,40,31.94,-45.15,0.23
3546,50,30.04,29.84,-0.51
3546,60,30.04,29.84,-0.51
3546,70,30.04,29.84,-0.51
3546,80,30.04,29.84,-0.51
3546,90,30.04,29.84,-0.51
3546,100,30.04,29.84,-0.51
3546,110,30.04,29.84,-0.51
3546,120,30.04,29.84,-0.51
3546,130,34.84,24.61,1.49
3546,140,34.61,24.88,1.83
3546,150,34.61,24.88,1.83
3546,160,34.61,24.88,1.83
3546,170,34.61,24.88,1.83
3546,180,34.61,24.88,1.83
3546,190,34.61,24.88,1.83
3546,200,34.61,24.88,1.83
3547,0,0.00,0.00,0.00
3547,10,0.00,0.00,0.00
3547,20,0.00,0.00,0.00
3547,30,0.00,0.00,0.00
3547,40,35.61,9.18,-0.32
3547,50,35.61,9.18,-0.97
3547,60,35.61,9.18,-0.97
3547,70,35.61,9.18,-0.97
3547,80,35.61,9.18,-0.97
3547,90,35.61,9.18,-0.97
3547,100,35.61,9.18,-0.97
3547,110,35.61,9.18,-0.97
3547,120,35.61,9.18,-0.97
3547,130,30.28,40.20,1.08
3547,140,31.25,36.93,1.42
3547,150,31.25,36.93,1.42
3547,160,31.25,36.93,1.42
3547,170,31.25,36.93,1.42
3547,180,31.25,36.93,1.42
3547,190,31.25,36.93,1.42
3547,200,31.25,36.93,1.42
7079,0,0.00,0.00,0.00
7079,10,48.80,67.44,2.74
7079,20,50.79,67.18,5.83
7079,30,53.89,51.37,7.47
7079,40,54.18,26.11,9.60
7079,50,52.34,14.66,11.69
7079,60,51.70,9.26,13.44
7079,70,50.78,6.65,15.18
7079,80,50.45,3.63,17.84
7079,90,51.07,0.23,23.89
7079,100,49.37,-2.88,30.59
7079,110,50.21,-1.85,36.83
7079,120,50.50,-1.86,43.19
7079,130,50.12,0.56,47.54
7079,140,50.95,2.32,49.28
7079,150,51.24,2.21,52.21
7079,160,53.42,5.00,55.86
7079,170,54.73,5.45,60.22
7079,180,54.19,4.10,64.09
7079,190,53.56,3.07,67.66
7079,200,52.83,4.87,65.83